StartDate,EndDate,Status,IPAddress,Progress,Duration (in seconds),Finished,RecordedDate,ResponseId,RecipientLastName,RecipientFirstName,RecipientEmail,ExternalReference,LocationLatitude,LocationLongitude,DistributionChannel,UserLanguage,m1_1,m1_2,m1_3,m1_4,m1_5,m1_6,m1_7,m1_8,m1_9,m1_10,m2_1,m2_2,m2_3,m2_4,m2_5,m2_6,m2_7,m2_8,m2_9,m2_10,m3_1,m3_2,m3_3,m3_4,m3_5,m3_6,m3_7,m3_8,m3_9,m3_10,m4_1,m4_2,m4_3,m4_4,m4_5,m4_6,m4_7,m4_8,m4_9,m4_10,m5_1,m5_2,m5_3,m5_4,m5_5,m5_6,m5_7,m5_8,m5_9,m5_10,m6_1,m6_2,m6_3,m6_4,m6_5,m6_6,m6_7,m6_8,m6_9,m6_10,m7_1,m7_2,m7_3,m7_4,m7_5,m7_6,m7_7,m7_8,m7_9,m7_10,m8_1,m8_2,m8_3,m8_4,m8_5,m8_6,m8_7,m8_8,m8_9,m8_10,m9_1,m9_2,m9_3,m9_4,m9_5,m9_6,m9_7,m9_8,m9_9,m9_10,m10_1,m10_2,m10_3,m10_4,m10_5,m10_6,m10_7,m10_8,m10_9,m10_10,age,gender,gender_4_TEXT,PROLIFIC_PID,STUDY_ID,SESSION_ID
01.02.26 20:28,01.02.26 20:28,1,,100,28,1,01.02.26 20:28,R_5XPh7wstusPOwsF,,,,,40.7157,-74,preview,EN,1,2,3,4,5,6,7,7,8,9,,,,,,,,,,,,,,,,,,,,,,,,,,,,,,,,,,,,,,,,,,,,,,,,,,,,,,,,,,,,,,,,,,,,,,,,,,,,,,,,,,,,,,,,,,,,,,,,
01.02.26 22:49,01.02.26 22:50,0,86.29.247.228,100,28,1,01.02.26 22:50,R_8L5szyQHuCc5B0B,,,,,52.7681,-1.2026,anonymous,EN,,,,,,,,,,,,,,,,,,,,,,,,,,,,,,,,,,,,,,,,,,,,,,,,,,,,,,,,,,,,,,,,,,,,,,,,,,,,,,,,,,,,,,,,,,,6,7,6,6,7,6,6,6,6,6,3,5,,6724ffedb2e2d24cb30de26f,697fac9cc2ba89523b816272,697fca7a2cfcf7071c696378
01.02.26 22:50,01.02.26 22:51,0,216.170.170.102,100,60,1,01.02.26 22:51,R_3N9Ckdl8gNxV01H,,,,,37.1753,-113.29,anonymous,EN,,,,,,,,,,,,,,,,,,,,,,,,,,,,,,,,,,,,,,,,,,,,,,,,,,,3,7,9,6,2,3,3,4,4,2,,,,,,,,,,,,,,,,,,,,,,,,,,,,,,,,,,,,,,,,,4,2,,66354e3cb427570ffd8930a0,697fac9cc2ba89523b816272,697fca82f96c494d2f3fa6c0
01.02.26 22:53,01.02.26 22:54,0,97.120.146.165,100,35,1,01.02.26 22:54,R_1P602HrejtWYSY4,,,,,45.4804,-122.5891,anonymous,EN,,,,,,,,,,,,,,,,,,,,,,,,,,,,,,,,,,,,,,,,,,,,,,,,,,,,,,,,,,,,,,,,,,,,,,,5,7,5,8,4,3,2,1,1,1,,,,,,,,,,,,,,,,,,,,,5,2,,65ccfdf16bdcab83d5bd1163,697fac9cc2ba89523b816272,697fcb6961fe3e46e5ef0bcc
01.02.26 23:00,01.02.26 23:01,0,86.152.19.10,100,79,1,01.02.26 23:01,R_8Gle7pdB3bGeGHX,,,,,51.5164,-0.093,anonymous,EN,,,,,,,,,,,,,,,,,,,,,,,,,,,,,,,,,,,,,,,,,,,,,,,,,,,,,,,,,,,,,4,6,6,7,8,3,2,2,6,2,,,,,,,,,,,,,,,,,,,,,,,,,,,,,,,6,2,,6640e53eec06606709f75853,697fac9cc2ba89523b816272,697fccd3be43c86a828cc5f2
01.02.26 22:58,01.02.26 23:04,0,31.185.38.0,100,366,1,01.02.26 23:04,R_8y6oJ1qhSuAdayl,,,,,52.6259,1.3032,anonymous,EN,,,,,,,,,,,,,,,,,,,,,,,,,,,,,,,,,,,,,,,,,,,,,,,,,,,,,,,,,,,,,,,,,,,,,,,,,,,,,,,,,8,9,9,9,11,4,7,6,6,7,,,,,,,,,,,5,1,,66bbafb05de7e549455aa4ff,697fac9cc2ba89523b816272,697fca6b0796826392021dcb
01.02.26 23:03,01.02.26 23:04,0,71.85.246.192,100,45,1,01.02.26 23:04,R_7EsL9GJd8Uo4dah,,,,,38.2323,-90.5629,anonymous,EN,,,,,,,,,,,,,,,,,,,,,,,,,,,,,,,,,,,,,,,,,,,,,,,,,,,,,,,,,,,,,,,,,,,,,,,,,,,,,,,,,,,,,,,,,,,8,9,7,8,8,5,3,6,7,7,4,1,,628f83dc5398c04bac86f9e6,697fac9cc2ba89523b816272,697fcdbd1aeb561a8678c707
01.02.26 23:08,01.02.26 23:08,0,75.164.92.136,100,36,1,01.02.26 23:08,R_6j7B8gyZPCh9eEs,,,,,45.4805,-122.6363,anonymous,EN,,,,,,,,,,,,,,,,,,,,,,,,,,,,,,,11,11,11,11,11,4,1,11,4,4,,,,,,,,,,,,,,,,,,,,,,,,,,,,,,,,,,,,,,,,,,,,,,,,,,,,,,,,,,,,,3,2,,69419c81ee92288e4d87076d,697fac9cc2ba89523b816272,697fcec2a218abe781e48c5d
01.02.26 23:08,01.02.26 23:09,0,24.34.35.177,100,54,1,01.02.26 23:09,R_3dGm0EOGndOPtGl,,,,,43.6171,-72.9636,anonymous,EN,,,,,,,,,,,2,2,6,3,1,1,1,1,1,1,,,,,,,,,,,,,,,,,,,,,,,,,,,,,,,,,,,,,,,,,,,,,,,,,,,,,,,,,,,,,,,,,,,,,,,,,,,,,,,,,7,2,,62e92ac314e2c0f89236aed1,697fac9cc2ba89523b816272,697fcebd60a8e3dac03f0516
01.02.26 23:10,01.02.26 23:11,0,213.31.46.233,100,67,1,01.02.26 23:11,R_21vqc5Jv0hRatD6,,,,,53.5495,-2.7659,anonymous,EN,,,,,,,,,,,,,,,,,,,,,2,1,3,1,9,2,1,1,1,2,,,,,,,,,,,,,,,,,,,,,,,,,,,,,,,,,,,,,,,,,,,,,,,,,,,,,,,,,,,,,,,,,,,,,,,7,2,,571bc5a56b0894000962ee1a,697fac9cc2ba89523b816272,697fcf49804b5efdc861613c
01.02.26 23:20,01.02.26 23:21,0,92.30.85.223,100,93,1,01.02.26 23:21,R_2g6nU4w1jSwWYLg,,,,,52.0435,1.1842,anonymous,EN,5,5,6,5,5,4,5,8,4,8,,,,,,,,,,,,,,,,,,,,,,,,,,,,,,,,,,,,,,,,,,,,,,,,,,,,,,,,,,,,,,,,,,,,,,,,,,,,,,,,,,,,,,,,,,,5,2,,5fb0198dce9407370ad85737,697fac9cc2ba89523b816272,697fd19c2e756f56c04a3709
02.02.26 14:01,02.02.26 14:01,0,51.9.43.205,100,19,1,02.02.26 14:01,R_2bHHGBEFPkp7jjk,,,,,52.0618,1.156,anonymous,EN,8,7,8,6,8,7,7,7,8,6,,,,,,,,,,,,,,,,,,,,,,,,,,,,,,,,,,,,,,,,,,,,,,,,,,,,,,,,,,,,,,,,,,,,,,,,,,,,,,,,,,,,,,,,,,,4,2,,5eb9499bcbc2140180e31037,697fac9cc2ba89523b816272,6980a02303363ed5685289aa
02.02.26 14:01,02.02.26 14:01,0,77.102.235.192,100,36,1,02.02.26 14:01,R_8QLFsqswKTmOcwC,,,,,53.7668,-2.7217,anonymous,EN,,,,,,,,,,,,,,,,,,,,,2,1,2,2,7,5,4,2,2,3,,,,,,,,,,,,,,,,,,,,,,,,,,,,,,,,,,,,,,,,,,,,,,,,,,,,,,,,,,,,,,,,,,,,,,,3,2,,5f228dd0a6367c7582946207,697fac9cc2ba89523b816272,6980a018ed9347f71fb1389b
02.02.26 14:01,02.02.26 14:01,0,46.64.159.138,100,34,1,02.02.26 14:01,R_2C1txGFP8uQjkiM,,,,,50.368,-4.1329,anonymous,EN,,,,,,,,,,,,,,,,,,,,,11,11,11,11,11,11,11,11,11,11,,,,,,,,,,,,,,,,,,,,,,,,,,,,,,,,,,,,,,,,,,,,,,,,,,,,,,,,,,,,,,,,,,,,,,,4,1,,5aee10753606ab0001b9277f,697fac9cc2ba89523b816272,6980a012a88fd831c5b98242
02.02.26 14:01,02.02.26 14:01,0,92.41.158.88,100,34,1,02.02.26 14:01,R_8XjMdbpitmgW8un,,,,,51.4469,0.0509,anonymous,EN,,,,,,,,,,,,,,,,,,,,,,,,,,,,,,,,,,,,,,,,,,,,,,,,,,,,,,,,,,,,,2,2,7,2,7,2,1,1,1,2,,,,,,,,,,,,,,,,,,,,,,,,,,,,,,,6,1,,5eca46c6c1e2c601290bab15,697fac9cc2ba89523b816272,6980a01aa26149ae5934c94c
02.02.26 14:01,02.02.26 14:02,0,83.105.39.210,100,47,1,02.02.26 14:02,R_8CTWvvdqdPyM2Pw,,,,,51.521,-3.2037,anonymous,EN,,,,,,,,,,,,,,,,,,,,,,,,,,,,,,,,,,,,,,,,,7,9,9,9,9,5,4,7,6,5,,,,,,,,,,,,,,,,,,,,,,,,,,,,,,,,,,,,,,,,,,,,,,,,,,,3,2,,59f709c1b47dfc0001b65fc9,697fac9cc2ba89523b816272,6980a0156e354e2896b31550
02.02.26 14:01,02.02.26 14:02,0,5.68.70.230,100,26,1,02.02.26 14:02,R_85ySYZbEFJ1fyfL,,,,,51.9947,-0.7221,anonymous,EN,,,,,,,,,,,,,,,,,,,,,,,,,,,,,,,,,,,,,,,,,,,,,,,,,,,,,,,,,,,,,,,,,,,,,,,,,,,,,,,,,,,,,,,,,,,7,8,7,9,8,9,9,8,10,9,4,1,,56fad9e4997828000c802706,697fac9cc2ba89523b816272,6980a02f97b03a59303b81fe
02.02.26 14:01,02.02.26 14:02,0,92.27.83.233,100,45,1,02.02.26 14:02,R_8j9BESpPNeNUIyo,,,,,50.8546,0.5362,anonymous,EN,,,,,,,,,,,,,,,,,,,,,,,,,,,,,,,,,,,,,,,,,,,,,,,,,,,,,,,,,,,,,,,,,,,,,,,10,10,9,10,11,6,2,1,6,2,,,,,,,,,,,,,,,,,,,,,4,1,,62a727c0b6efe57fb90a5b86,697fac9cc2ba89523b816272,6980a0198291b98569dd0d78
02.02.26 14:01,02.02.26 14:02,0,89.36.116.194,100,27,1,02.02.26 14:02,R_8vCiuHc8r1sQcvv,,,,,51.5081,-0.1278,anonymous,EN,,,,,,,,,,,,,,,,,,,,,,,,,,,,,,,,,,,,,,,,,,,,,,,,,,,10,9,10,10,6,7,3,8,6,2,,,,,,,,,,,,,,,,,,,,,,,,,,,,,,,,,,,,,,,,,4,2,,5ebaa6dd28b52b000c94b78c,697fac9cc2ba89523b816272,6980a02101042e70be8e199a
02.02.26 14:01,02.02.26 14:02,0,45.147.159.67,100,24,1,02.02.26 14:02,R_3WC2fmEsUFwLgwF,,,,,39.7491,-104.9945,anonymous,EN,,,,,,,,,,,,,,,,,,,,,,,,,,,,,,,,,,,,,,,,,9,11,10,11,8,10,9,11,11,9,,,,,,,,,,,,,,,,,,,,,,,,,,,,,,,,,,,,,,,,,,,,,,,,,,,5,2,,67d47bef1b8777e754726be0,697fac9cc2ba89523b816272,6980a02c4344d558208a2a03
02.02.26 14:01,02.02.26 14:02,0,81.179.66.222,100,48,1,02.02.26 14:02,R_2Jl0jjzDYw7ErP8,,,,,53.753,-2.359,anonymous,EN,,,,,,,,,,,,,,,,,,,,,,,,,,,,,,,7,7,8,8,9,8,9,9,8,6,,,,,,,,,,,,,,,,,,,,,,,,,,,,,,,,,,,,,,,,,,,,,,,,,,,,,,,,,,,,,4,2,,62d6d77df59450e545fb22f6,697fac9cc2ba89523b816272,6980a01f96404a9acf6b8bcc
02.02.26 14:01,02.02.26 14:02,0,142.56.199.200,100,29,1,02.02.26 14:02,R_7zeDEhQyuWccyGh,,,,,40.4102,-104.7584,anonymous,EN,,,,,,,,,,,5,5,5,6,4,4,4,4,5,5,,,,,,,,,,,,,,,,,,,,,,,,,,,,,,,,,,,,,,,,,,,,,,,,,,,,,,,,,,,,,,,,,,,,,,,,,,,,,,,,,3,2,,663e3d54f8d2431b170e185d,697fac9cc2ba89523b816272,6980a0333879a3ac744aac8a
02.02.26 14:01,02.02.26 14:02,0,90.251.24.235,100,41,1,02.02.26 14:02,R_2fcMOANArlPXZ0P,,,,,53.797,-2.9305,anonymous,EN,,,,,,,,,,,,,,,,,,,,,,,,,,,,,,,,,,,,,,,,,,,,,,,,,,,,,,,,,,,,,,,,,,,,,,,,,,,,,,,,,4,3,2,3,2,1,4,1,2,1,,,,,,,,,,,5,2,,6156fef09d1ab07148870099,697fac9cc2ba89523b816272,6980a02554bd0f6ac173119e
02.02.26 14:01,02.02.26 14:02,0,95.214.229.176,100,43,1,02.02.26 14:02,R_8ZTJJGczK9MMQTf,,,,,51.5081,-0.1278,anonymous,EN,,,,,,,,,,,,,,,,,,,,,,,,,,,,,,,,,,,,,,,,,,,,,,,,,,,,,,,,,,,,,,,,,,,,,,,,,,,,,,,,,9,9,8,10,9,9,7,4,8,8,,,,,,,,,,,4,1,,63d13c076dd249ca3a6bffbb,697fac9cc2ba89523b816272,6980a0242d9c4510a2315b5e
02.02.26 14:01,02.02.26 14:02,0,82.71.193.97,100,28,1,02.02.26 14:02,R_2oAEmY0tDW4HdmC,,,,,53.1015,-2.439,anonymous,EN,,,,,,,,,,,10,11,10,11,11,6,1,7,3,1,,,,,,,,,,,,,,,,,,,,,,,,,,,,,,,,,,,,,,,,,,,,,,,,,,,,,,,,,,,,,,,,,,,,,,,,,,,,,,,,,3,2,,665c302327136dcdb0c4a2e0,697fac9cc2ba89523b816272,6980a02c3c01b736b99ba6c3
02.02.26 14:01,02.02.26 14:02,0,90.243.16.115,100,39,1,02.02.26 14:02,R_2lWTk6uJoPdKKoQ,,,,,51.5591,-0.2283,anonymous,EN,,,,,,,,,,,3,6,6,7,7,9,7,4,2,5,,,,,,,,,,,,,,,,,,,,,,,,,,,,,,,,,,,,,,,,,,,,,,,,,,,,,,,,,,,,,,,,,,,,,,,,,,,,,,,,,5,2,,571bdaa76b0894001362f780,697fac9cc2ba89523b816272,6980a027a4361bcbe6cbc138
02.02.26 14:01,02.02.26 14:02,0,86.181.142.63,100,61,1,02.02.26 14:02,R_82yYt13dBtji8Ux,,,,,51.6158,-1.2368,anonymous,EN,,,,,,,,,,,,,,,,,,,,,,,,,,,,,,,,,,,,,,,,,,,,,,,,,,,,,,,,,,,,,,,,,,,,,,,,,,,,,,,,,,,,,,,,,,,3,1,4,5,4,1,7,4,1,1,6,1,,66d31a1b0515fe747830bab9,697fac9cc2ba89523b816272,6980a018259d68ea36d2bc89
02.02.26 14:01,02.02.26 14:02,0,74.76.183.141,100,23,1,02.02.26 14:02,R_7uKBIxHPCZVPZOd,,,,,42.7008,-73.8601,anonymous,EN,,,,,,,,,,,,,,,,,,,,,,,,,,,,,,,,,,,,,,,,,,,,,,,,,,,,,,,,,,,,,9,9,9,10,10,9,6,8,9,9,,,,,,,,,,,,,,,,,,,,,,,,,,,,,,,3,2,,55885869fdf99b4020ba0b64,697fac9cc2ba89523b816272,6980a0409a075906bc005877
02.02.26 14:01,02.02.26 14:02,0,90.201.195.113,100,33,1,02.02.26 14:02,R_2QF0IhTygi10QzO,,,,,52.0317,-1.1511,anonymous,EN,,,,,,,,,,,,,,,,,,,,,,,,,,,,,,,,,,,,,,,,,,,,,,,,,,,,,,,,,,,,,,,,,,,,,,,7,7,7,7,6,6,4,4,,6,,,,,,,,,,,,,,,,,,,,,3,2,,673e49a40c248822d47e01e4,697fac9cc2ba89523b816272,6980a033e8c5c81f767371a7
02.02.26 14:02,02.02.26 14:02,0,51.9.43.205,100,17,1,02.02.26 14:02,R_2QXJYtZIOm1yZA9,,,,,52.0618,1.156,anonymous,EN,,,,,,,,,,,,,,,,,,,,,,,,,,,,,,,8,7,9,8,9,8,7,8,8,7,,,,,,,,,,,,,,,,,,,,,,,,,,,,,,,,,,,,,,,,,,,,,,,,,,,,,,,,,,,,,4,2,,5eb9499bcbc2140180e31037,697fac9cc2ba89523b816272,6980a047b49ebcaec8b98202
02.02.26 14:01,02.02.26 14:02,0,2.120.145.36,100,58,1,02.02.26 14:02,R_2UoPm7yVY8QOUqR,,,,,53.1636,-2.8164,anonymous,EN,,,,,,,,,,,,,,,,,,,,,,,,,,,,,,,,,,,,,,,,,,,,,,,,,,,,,,,,,,,,,,,,,,,,,,,10,10,10,11,10,11,10,10,10,9,,,,,,,,,,,,,,,,,,,,,6,1,,5bd2e5ee1f1b080001bf2f99,697fac9cc2ba89523b816272,6980a01c9b21a2b2d310ff0c
02.02.26 14:01,02.02.26 14:02,0,86.183.163.85,100,35,1,02.02.26 14:02,R_2Ic1K9sZ8B8WPoN,,,,,55.9495,-3.1983,anonymous,EN,,,,,,,,,,,,,,,,,,,,,,,,,,,,,,,,,,,,,,,,,,,,,,,,,,,,,,,,,,,,,,,,,,,,,,,,,,,,,,,,,,,,,,,,,,,4,7,9,9,9,10,8,9,3,3,4,1,,6440132550963a139bc33416,697fac9cc2ba89523b816272,6980a03665cffcdac68c27e5
02.02.26 14:01,02.02.26 14:02,0,90.205.153.188,100,40,1,02.02.26 14:02,R_2gNmff3VHNHRDhE,,,,,54.1212,-3.1943,anonymous,EN,,,,,,,,,,,,,,,,,,,,,,,,,,,,,,,,,,,,,,,,,,,,,,,,,,,,,,,,,,,,,5,8,8,9,9,6,5,6,5,4,,,,,,,,,,,,,,,,,,,,,,,,,,,,,,,4,1,,5feb9a64d42dc5c4926ffe03,697fac9cc2ba89523b816272,6980a0314564d8dd19a0852a
02.02.26 14:01,02.02.26 14:02,0,51.148.174.45,100,49,1,02.02.26 14:02,R_21kHxAfbKjJcZvb,,,,,53.2505,-2.1166,anonymous,EN,,,,,,,,,,,,,,,,,,,,,,,,,,,,,,,9,9,9,9,9,1,1,1,2,1,,,,,,,,,,,,,,,,,,,,,,,,,,,,,,,,,,,,,,,,,,,,,,,,,,,,,,,,,,,,,3,2,,6662f201ccf41c36e7408562,697fac9cc2ba89523b816272,6980a02d4d93bf7eac14e618
02.02.26 14:01,02.02.26 14:02,0,2.219.161.209,100,49,1,02.02.26 14:02,R_8gnCGjb2Pe64TGB,,,,,52.8312,-1.5858,anonymous,EN,,,,,,,,,,,,,,,,,,,,,,,,,,,,,,,9,9,10,11,11,9,9,9,9,9,,,,,,,,,,,,,,,,,,,,,,,,,,,,,,,,,,,,,,,,,,,,,,,,,,,,,,,,,,,,,4,2,,5eefd6b37da4d24c8af3bcbc,697fac9cc2ba89523b816272,6980a029a4361bcbe6cbc13b
02.02.26 14:01,02.02.26 14:02,0,51.190.200.72,100,48,1,02.02.26 14:02,R_8Dh9rDr2n2QKSpe,,,,,53.4798,-2.3307,anonymous,EN,11,10,10,11,11,10,5,6,9,8,,,,,,,,,,,,,,,,,,,,,,,,,,,,,,,,,,,,,,,,,,,,,,,,,,,,,,,,,,,,,,,,,,,,,,,,,,,,,,,,,,,,,,,,,,,4,1,,5ef0fcea28006f6b24913b02,697fac9cc2ba89523b816272,6980a02687d16a447c1da17f
02.02.26 14:01,02.02.26 14:02,0,90.246.127.131,100,43,1,02.02.26 14:02,R_8mfsaBAQqHm296j,,,,,53.8366,-1.636,anonymous,EN,,,,,,,,,,,,,,,,,,,,,,,,,,,,,,,,,,,,,,,,,7,7,9,8,6,8,8,9,6,5,,,,,,,,,,,,,,,,,,,,,,,,,,,,,,,,,,,,,,,,,,,,,,,,,,,6,1,,5aead25562ac0e00010974b1,697fac9cc2ba89523b816272,6980a0304422cc0a9789f864
02.02.26 14:01,02.02.26 14:02,0,79.79.198.24,100,55,1,02.02.26 14:02,R_8qxG9PQri2okV6P,,,,,53.6767,-1.6584,anonymous,EN,,,,,,,,,,,,,,,,,,,,,,,,,,,,,,,,,,,,,,,,,,,,,,,,,,,,,,,,,,,,,,,,,,,,,,,,,,,,,,,,,,,,,,,,,,,5,4,4,3,8,1,1,1,1,5,5,2,,647869e6f69318bacc341d53,697fac9cc2ba89523b816272,6980a02487554fa741cbc11b
02.02.26 14:01,02.02.26 14:02,0,86.175.158.202,100,32,1,02.02.26 14:02,R_2QFNbFcTDJ4a1Y7,,,,,51.5005,-0.1905,anonymous,EN,5,5,8,7,5,8,7,7,7,8,,,,,,,,,,,,,,,,,,,,,,,,,,,,,,,,,,,,,,,,,,,,,,,,,,,,,,,,,,,,,,,,,,,,,,,,,,,,,,,,,,,,,,,,,,,4,2,,5e909d6c5321c13abee11725,697fac9cc2ba89523b816272,6980a03d44e6b9c4476311bc
02.02.26 14:01,02.02.26 14:02,0,188.39.139.82,100,35,1,02.02.26 14:02,R_2bNNP4xVaha8zcJ,,,,,51.4889,-0.2318,anonymous,EN,,,,,,,,,,,,,,,,,,,,,,,,,,,,,,,,,,,,,,,,,,,,,,,,,,,,,,,,,,,,,,,,,,,,,,,,,,,,,,,,,,,,,,,,,,,9,9,10,10,10,7,2,2,7,5,3,2,,6658d66a5e45cac0aaeb54de,697fac9cc2ba89523b816272,6980a028e25c0a98a70cdc1f
02.02.26 14:01,02.02.26 14:02,0,90.219.150.101,100,54,1,02.02.26 14:02,R_21i2AEAWPhdMneg,,,,,55.867,-4.3056,anonymous,EN,,,,,,,,,,,11,11,9,11,11,11,6,8,8,8,,,,,,,,,,,,,,,,,,,,,,,,,,,,,,,,,,,,,,,,,,,,,,,,,,,,,,,,,,,,,,,,,,,,,,,,,,,,,,,,,6,1,,66fc4c33d23e6dbcc76af82b,697fac9cc2ba89523b816272,6980a020d87dd6ec64b6ccfa
02.02.26 14:01,02.02.26 14:02,0,5.151.137.140,100,53,1,02.02.26 14:02,R_22bs4eRDsNG0j9n,,,,,52.9538,-1.1571,anonymous,EN,,,,,,,,,,,,,,,,,,,,,,,,,,,,,,,,,,,,,,,,,,,,,,,,,,,,,,,,,,,,,,,,,,,,,,,10,10,10,8,7,6,4,6,4,3,,,,,,,,,,,,,,,,,,,,,2,1,,67574cd454695a33d97d764a,697fac9cc2ba89523b816272,6980a024991924f147b358a7
02.02.26 14:01,02.02.26 14:02,0,172.58.245.38,100,34,1,02.02.26 14:02,R_7eyncXdj0oKxNVN,,,,,38.8155,-77.1205,anonymous,EN,,,,,,,,,,,,,,,,,,,,,,,,,,,,,,,,,,,,,,,,,,,,,,,,,,,,,,,,,,,,,,,,,,,,,,,2,1,3,2,1,1,2,2,2,1,,,,,,,,,,,,,,,,,,,,,3,2,,6941786f9acdcc0131d758a9,697fac9cc2ba89523b816272,6980a03b7c1afd64472cabdb
02.02.26 14:01,02.02.26 14:02,0,146.199.8.119,100,63,1,02.02.26 14:02,R_8bGTsUseowPGWZ3,,,,,52.085,-0.2683,anonymous,EN,,,,,,,,,,,,,,,,,,,,,,,,,,,,,,,,,,,,,,,,,,,,,,,,,,,9,9,9,9,7,8,7,6,6,6,,,,,,,,,,,,,,,,,,,,,,,,,,,,,,,,,,,,,,,,,4,1,,566ae5587da0350012b50b13,697fac9cc2ba89523b816272,6980a026e8c5c81f767371a3
02.02.26 14:01,02.02.26 14:02,0,45.50.41.112,100,37,1,02.02.26 14:02,R_3ffjwMC42dL6x2M,,,,,34.2666,-118.7643,anonymous,EN,,,,,,,,,,,,,,,,,,,,,,,,,,,,,,,,,,,,,,,,,,,,,,,,,,,,,,,,,,,,,,,,,,,,,,,,,,,,,,,,,,,,,,,,,,,11,11,11,11,11,4,6,11,11,7,3,1,,633c74ad6178784ed5b52104,697fac9cc2ba89523b816272,6980a03b1df64d74bf0c755a
02.02.26 14:02,02.02.26 14:02,0,81.145.111.215,100,20,1,02.02.26 14:02,R_2HzakOUEYIOjIhb,,,,,55.8119,-4.2573,anonymous,EN,,,,,,,,,,,,,,,,,,,,,8,9,9,10,9,9,10,9,9,10,,,,,,,,,,,,,,,,,,,,,,,,,,,,,,,,,,,,,,,,,,,,,,,,,,,,,,,,,,,,,,,,,,,,,,,3,1,,660a6b953836d16312814993,697fac9cc2ba89523b816272,6980a04edcb6f04e271bdf39
02.02.26 14:01,02.02.26 14:02,0,193.115.199.230,100,63,1,02.02.26 14:02,R_2ZgbAwKNrJ26PG9,,,,,51.4102,-2.6023,anonymous,EN,,,,,,,,,,,,,,,,,,,,,,,,,,,,,,,,,,,,,,,,,,,,,,,,,,,,,,,,,,,,,,,,,,,,,,,,,,,,,,,,,,,,,,,,,,,8,9,9,10,9,7,8,7,7,8,5,1,,612399c71548ff3b47e406e8,697fac9cc2ba89523b816272,6980a0218df53bdf581e28a1
02.02.26 14:01,02.02.26 14:02,0,77.98.176.176,100,55,1,02.02.26 14:02,R_2IttKR1LAL71FqX,,,,,51.4535,-2.5917,anonymous,EN,,,,,,,,,,,,,,,,,,,,,,,,,,,,,,,,,,,,,,,,,,,,,,,,,,,6,9,10,8,11,9,3,8,6,4,,,,,,,,,,,,,,,,,,,,,,,,,,,,,,,,,,,,,,,,,4,2,,677406a14c6e104dba32e029,697fac9cc2ba89523b816272,6980a030c851270e35bec3c4
02.02.26 14:01,02.02.26 14:02,0,81.187.245.132,100,46,1,02.02.26 14:02,R_8c7oKbGtq2T7LhM,,,,,53.5204,-2.3315,anonymous,EN,,,,,,,,,,,,,,,,,,,,,,,,,,,,,,,,,,,,,,,,,,,,,,,,,,,,,,,,,,,,,8,8,8,11,8,3,3,1,3,1,,,,,,,,,,,,,,,,,,,,,,,,,,,,,,,5,1,,63e632b888bcbe9376df4f62,697fac9cc2ba89523b816272,6980a0344158749348d60e02
02.02.26 14:01,02.02.26 14:02,0,109.147.166.144,100,41,1,02.02.26 14:02,R_23EAils73hybj08,,,,,51.5577,-1.7767,anonymous,EN,,,,,,,,,,,,,,,,,,,,,,,,,,,,,,,,,,,,,,,,,,,,,,,,,,,,,,,,,,,,,8,8,9,9,8,9,8,8,9,6,,,,,,,,,,,,,,,,,,,,,,,,,,,,,,,3,2,,60c20abfdccab926283d8f7f,697fac9cc2ba89523b816272,6980a03a90a9f117ca16e60d
02.02.26 14:01,02.02.26 14:02,0,104.30.178.144,100,55,1,02.02.26 14:02,R_8uD3egW3W6hawwt,,,,,51.4674,-0.3556,anonymous,EN,,,,,,,,,,,,,,,,,,,,,,,,,,,,,,,6,7,5,5,6,6,5,2,5,1,,,,,,,,,,,,,,,,,,,,,,,,,,,,,,,,,,,,,,,,,,,,,,,,,,,,,,,,,,,,,3,1,,5f6b4eb5221da601c4fb720f,697fac9cc2ba89523b816272,6980a02bc96056c668296f8f
02.02.26 14:01,02.02.26 14:02,0,81.105.48.44,100,46,1,02.02.26 14:02,R_2QgLFkEAEyVw5ZG,,,,,51.4469,0.0509,anonymous,EN,,,,,,,,,,,,,,,,,,,,,8,10,2,7,7,8,8,6,6,7,,,,,,,,,,,,,,,,,,,,,,,,,,,,,,,,,,,,,,,,,,,,,,,,,,,,,,,,,,,,,,,,,,,,,,,5,1,,6655d895e8c33b7738009342,697fac9cc2ba89523b816272,6980a034e1c5041bdcfdaa43
02.02.26 14:02,02.02.26 14:02,0,46.37.124.189,100,29,1,02.02.26 14:02,R_2husW0CXipor7Nf,,,,,52.3067,-1.9523,anonymous,EN,,,,,,,,,,,,,,,,,,,,,,,,,,,,,,,,,,,,,,,,,,,,,,,,,,,,,,,,,,,,,,,,,,,,,,,,,,,,,,,,,2,2,9,7,11,10,8,8,9,9,,,,,,,,,,,2,1,,66986ab71f2b54203f26ad32,697fac9cc2ba89523b816272,6980a047aeca47eecc5da214
02.02.26 14:01,02.02.26 14:02,0,176.248.213.42,100,37,1,02.02.26 14:02,R_2lyr5ANSlEY8NAF,,,,,52.6181,-1.1804,anonymous,EN,,,,,,,,,,,,,,,,,,,,,5,4,4,8,6,6,5,5,5,6,,,,,,,,,,,,,,,,,,,,,,,,,,,,,,,,,,,,,,,,,,,,,,,,,,,,,,,,,,,,,,,,,,,,,,,4,2,,60818798de4cce19f740cb58,697fac9cc2ba89523b816272,6980a0412c7cb4495dbe2b9f
02.02.26 14:01,02.02.26 14:02,0,81.77.250.92,100,48,1,02.02.26 14:02,R_2t1CanWYow8jstP,,,,,51.5131,-3.1588,anonymous,EN,,,,,,,,,,,,,,,,,,,,,,,,,,,,,,,4,6,6,6,6,3,1,1,1,1,,,,,,,,,,,,,,,,,,,,,,,,,,,,,,,,,,,,,,,,,,,,,,,,,,,,,,,,,,,,,5,1,,66c20b634a3b292d25596fbc,697fac9cc2ba89523b816272,6980a0333cc6b0e16a01a0d7
02.02.26 14:02,02.02.26 14:02,0,172.59.12.136,100,25,1,02.02.26 14:02,R_72Zw5v2lrIWnMlj,,,,,41.7431,-72.6827,anonymous,EN,,,,,,,,,,,,,,,,,,,,,,,,,,,,,,,,,,,,,,,,,,,,,,,,,,,,,,,,,,,,,,,,,,,,,,,5,5,6,4,5,8,6,4,5,7,,,,,,,,,,,,,,,,,,,,,4,1,,5e3079c558a8c8073fdb1ff9,697fac9cc2ba89523b816272,6980a04c37caa356e182d6f0
02.02.26 14:01,02.02.26 14:02,0,92.40.217.21,100,70,1,02.02.26 14:02,R_2iltaOE7J78GG6E,,,,,52.4918,-1.8598,anonymous,EN,,,,,,,,,,,6,6,6,7,7,7,6,6,6,6,,,,,,,,,,,,,,,,,,,,,,,,,,,,,,,,,,,,,,,,,,,,,,,,,,,,,,,,,,,,,,,,,,,,,,,,,,,,,,,,,6,2,,5a8edb14b093f80001a83682,697fac9cc2ba89523b816272,6980a01dced5d7526f50f14c
02.02.26 14:01,02.02.26 14:02,0,109.151.156.27,100,63,1,02.02.26 14:02,R_86fhgeVk69nMNnP,,,,,55.7643,-1.9983,anonymous,EN,,,,,,,,,,,,,,,,,,,,,,,,,,,,,,,,,,,,,,,,,,,,,,,,,,,,,,,,,,,,,7,8,9,9,6,8,5,7,6,4,,,,,,,,,,,,,,,,,,,,,,,,,,,,,,,7,1,,62f3b543dce069211e8e982c,697fac9cc2ba89523b816272,6980a02aeb8b2a23a71f0a7f
02.02.26 14:02,02.02.26 14:02,0,46.64.159.138,100,17,1,02.02.26 14:02,R_2QJO1ABUBmBvvtI,,,,,50.368,-4.1329,anonymous,EN,,,,,,,,,,,,,,,,,,,,,,,,,,,,,,,,,,,,,,,,,,,,,,,,,,,11,11,11,11,11,11,11,11,11,11,,,,,,,,,,,,,,,,,,,,,,,,,,,,,,,,,,,,,,,,,4,1,,5aee10753606ab0001b9277f,697fac9cc2ba89523b816272,6980a05590d803ca33f196a2
02.02.26 14:01,02.02.26 14:02,0,86.26.39.29,100,62,1,02.02.26 14:02,R_81XH6LMx1RkvqEh,,,,,52.2242,0.1315,anonymous,EN,,,,,,,,,,,,,,,,,,,,,,,,,,,,,,,,,,,,,,,,,,,,,,,,,,,9,9,10,10,10,9,9,9,10,10,,,,,,,,,,,,,,,,,,,,,,,,,,,,,,,,,,,,,,,,,7,1,,63076cd447ae6e2366804685,697fac9cc2ba89523b816272,6980a02825f803d109c5c049
02.02.26 14:02,02.02.26 14:02,0,172.56.3.42,100,28,1,02.02.26 14:02,R_1saw02GLpLR7Cly,,,,,39.2889,-76.623,anonymous,EN,,,,,,,,,,,,,,,,,,,,,,,,,,,,,,,,,,,,,,,,,,,,,,,,,,,,,,,,,,,,,11,11,11,11,11,11,1,1,11,11,,,,,,,,,,,,,,,,,,,,,,,,,,,,,,,4,1,,5e7b815adb5aba05af6e6cc7,697fac9cc2ba89523b816272,6980a04cc9bb09fc3111f6f3
02.02.26 14:01,02.02.26 14:02,0,81.96.52.187,100,57,1,02.02.26 14:02,R_8QJp8C4ugXRHP0y,,,,,53.4507,-2.3186,anonymous,EN,,,,,,,,,,,2,2,7,9,5,1,4,1,2,1,,,,,,,,,,,,,,,,,,,,,,,,,,,,,,,,,,,,,,,,,,,,,,,,,,,,,,,,,,,,,,,,,,,,,,,,,,,,,,,,,6,1,,5f514593ea1e87365b9cb05f,697fac9cc2ba89523b816272,6980a021c148c218515869d8
02.02.26 14:02,02.02.26 14:02,0,82.42.194.69,100,28,1,02.02.26 14:02,R_2OR7ouUQcsgrw5P,,,,,52.4356,-1.8733,anonymous,EN,,,,,,,,,,,,,,,,,,,,,,,,,,,,,,,,,,,,,,,,,,,,,,,,,,,,,,,,,,,,,,,,,,,,,,,,,,,,,,,,,9,8,8,8,8,8,4,6,8,7,,,,,,,,,,,3,1,,5e31a3142c324c17ab9061d5,697fac9cc2ba89523b816272,6980a04ad771fb1c0576dc67
02.02.26 14:02,02.02.26 14:02,0,146.200.155.7,100,34,1,02.02.26 14:02,R_21GmvKmNTRH8mdG,,,,,54.6581,-5.9045,anonymous,EN,,,,,,,,,,,,,,,,,,,,,,,,,,,,,,,,,,,,,,,,,,,,,,,,,,,,,,,,,,,,,,,,,,,,,,,,,,,,,,,,,9,9,9,10,9,3,4,1,6,5,,,,,,,,,,,4,2,,6658c1554c1d2a4e2d02e301,697fac9cc2ba89523b816272,6980a049d72956117675e507
02.02.26 14:01,02.02.26 14:02,0,78.145.223.93,100,51,1,02.02.26 14:02,R_2RdVptSXKsscnBi,,,,,52.4778,-1.9326,anonymous,EN,7,6,7,7,8,7,7,4,6,6,,,,,,,,,,,,,,,,,,,,,,,,,,,,,,,,,,,,,,,,,,,,,,,,,,,,,,,,,,,,,,,,,,,,,,,,,,,,,,,,,,,,,,,,,,,6,2,,663127d07fb81f5532bcfdad,697fac9cc2ba89523b816272,6980a01e5137bb884789f800
02.02.26 14:01,02.02.26 14:02,0,72.239.174.162,100,88,1,02.02.26 14:02,R_7S9aN0ABwnZS5f8,,,,,28.5978,-81.3024,anonymous,EN,,,,,,,,,,,,,,,,,,,,,,,,,,,,,,,,,,,,,,,,,8,10,8,11,11,9,7,6,4,5,,,,,,,,,,,,,,,,,,,,,,,,,,,,,,,,,,,,,,,,,,,,,,,,,,,6,2,,5e6940a5960d3606dda9c2b7,697fac9cc2ba89523b816272,6980a014937ac8da553d9d7c
02.02.26 14:01,02.02.26 14:02,0,74.80.146.149,100,62,1,02.02.26 14:02,R_3h3WMlsE71QEOMH,,,,,37.751,-97.822,anonymous,EN,,,,,,,,,,,,,,,,,,,,,,,,,,,,,,,,,,,,,,,,,,,,,,,,,,,8,9,9,10,10,11,6,9,10,10,,,,,,,,,,,,,,,,,,,,,,,,,,,,,,,,,,,,,,,,,3,2,,67f1f5ae37225c87ef8af243,697fac9cc2ba89523b816272,6980a02f8738085f4c6b6b29
02.02.26 14:01,02.02.26 14:02,0,84.69.165.21,100,49,1,02.02.26 14:02,R_29nYCdqw6dc4zqV,,,,,57.1453,-2.0945,anonymous,EN,,,,,,,,,,,,,,,,,,,,,,,,,,,,,,,9,9,9,11,11,10,8,9,9,3,,,,,,,,,,,,,,,,,,,,,,,,,,,,,,,,,,,,,,,,,,,,,,,,,,,,,,,,,,,,,3,2,,5c1a9e323407be0001cf8165,697fac9cc2ba89523b816272,6980a03be1724b3c48b6886f
02.02.26 14:01,02.02.26 14:02,0,94.119.169.76,100,57,1,02.02.26 14:02,R_8gH1Gz0pQfdi8Bs,,,,,51.5598,-0.0096,anonymous,EN,,,,,,,,,,,,,,,,,,,,,,,,,,,,,,,,,,,,,,,,,,,,,,,,,,,,,,,,,,,,,,,,,,,,,,,,,,,,,,,,,8,7,4,7,6,2,3,1,6,3,,,,,,,,,,,4,1,,5f0255082e1a9e3f9039b435,697fac9cc2ba89523b816272,6980a036dd22747abb70734e
02.02.26 14:01,02.02.26 14:02,0,92.40.200.78,100,61,1,02.02.26 14:02,R_2jUGr08oqTzdUY0,,,,,54.9742,-1.615,anonymous,EN,,,,,,,,,,,,,,,,,,,,,,,,,,,,,,,,,,,,,,,,,1,1,1,1,10,8,11,7,1,3,,,,,,,,,,,,,,,,,,,,,,,,,,,,,,,,,,,,,,,,,,,,,,,,,,,3,1,,66009cc9d723785b43dc5552,697fac9cc2ba89523b816272,6980a0298a13a4e8bf8f7439
02.02.26 14:02,02.02.26 14:02,0,109.154.43.222,100,42,1,02.02.26 14:02,R_2UAaJEAFzKH9QMV,,,,,53.4798,-2.3307,anonymous,EN,,,,,,,,,,,,,,,,,,,,,,,,,,,,,,,,,,,,,,,,,,,,,,,,,,,4,5,4,7,2,2,1,1,2,1,,,,,,,,,,,,,,,,,,,,,,,,,,,,,,,,,,,,,,,,,5,2,,5c7fd0c8cfd4e30016991f5e,697fac9cc2ba89523b816272,6980a0457a1fbcba85948ae0
02.02.26 14:01,02.02.26 14:02,0,151.230.91.251,100,49,1,02.02.26 14:02,R_2LUQihmOPAs2d8v,,,,,50.8245,-1.1955,anonymous,EN,,,,,,,,,,,,,,,,,,,,,,,,,,,,,,,,,,,,,,,,,,,,,,,,,,,,,,,,,,,,,,,,,,,,,,,,,,,,,,,,,,,,,,,,,,,1,6,4,1,1,1,1,1,1,1,3,2,,5dd005a9eb39730fc834988f,697fac9cc2ba89523b816272,6980a0420a4fb8e4cb853b3f
02.02.26 14:02,02.02.26 14:02,0,88.97.199.191,100,37,1,02.02.26 14:02,R_27kap0r4UwNGhY5,,,,,54.571,-1.316,anonymous,EN,5,7,8,4,11,9,4,9,4,3,,,,,,,,,,,,,,,,,,,,,,,,,,,,,,,,,,,,,,,,,,,,,,,,,,,,,,,,,,,,,,,,,,,,,,,,,,,,,,,,,,,,,,,,,,,5,2,,57b345d276b2ea0001c988bc,697fac9cc2ba89523b816272,6980a028ddbe8ddbeeef4c5b
02.02.26 14:02,02.02.26 14:02,0,86.141.64.174,100,41,1,02.02.26 14:02,R_2i9kregmBIBjO2c,,,,,51.5113,-0.2714,anonymous,EN,,,,,,,,,,,,,,,,,,,,,,,,,,,,,,,,,,,,,,,,,,,,,,,,,,,,,,,,,,,,,,,,,,,,,,,11,10,8,11,11,11,10,11,10,8,,,,,,,,,,,,,,,,,,,,,4,2,,677580b9fa6b77a8332d2237,697fac9cc2ba89523b816272,6980a048061a13d04a1502eb
02.02.26 14:02,02.02.26 14:02,0,83.105.39.210,100,28,1,02.02.26 14:02,R_2JX7hAtDBDRsdtt,,,,,51.521,-3.2037,anonymous,EN,,,,,,,,,,,,,,,,,,,,,,,,,,,,,,,9,9,9,9,9,5,4,7,7,5,,,,,,,,,,,,,,,,,,,,,,,,,,,,,,,,,,,,,,,,,,,,,,,,,,,,,,,,,,,,,3,2,,59f709c1b47dfc0001b65fc9,697fac9cc2ba89523b816272,6980a05803363ed5685289ae
02.02.26 14:02,02.02.26 14:02,0,94.9.253.255,100,39,1,02.02.26 14:02,R_2ncZ1hzHY2pXERz,,,,,52.6407,-1.1354,anonymous,EN,,,,,,,,,,,10,7,8,11,6,11,11,11,11,11,,,,,,,,,,,,,,,,,,,,,,,,,,,,,,,,,,,,,,,,,,,,,,,,,,,,,,,,,,,,,,,,,,,,,,,,,,,,,,,,,3,1,,5edfe8300b4b53308b653387,697fac9cc2ba89523b816272,6980a04b388032023cfb1f56
02.02.26 14:01,02.02.26 14:02,0,77.103.91.77,100,82,1,02.02.26 14:02,R_8EcLhvoGL8OWgpw,,,,,51.7694,-2.3329,anonymous,EN,,,,,,,,,,,10,10,10,10,11,9,9,8,9,8,,,,,,,,,,,,,,,,,,,,,,,,,,,,,,,,,,,,,,,,,,,,,,,,,,,,,,,,,,,,,,,,,,,,,,,,,,,,,,,,,6,2,,66742f469fd0def2513ddac2,697fac9cc2ba89523b816272,6980a01e566df09476296f8d
02.02.26 14:02,02.02.26 14:02,0,82.132.228.115,100,44,1,02.02.26 14:02,R_2cUHfDB8hS61NRv,,,,,51.4933,-0.1141,anonymous,EN,,,,,,,,,,,,,,,,,,,,,5,4,4,5,5,5,2,1,1,1,,,,,,,,,,,,,,,,,,,,,,,,,,,,,,,,,,,,,,,,,,,,,,,,,,,,,,,,,,,,,,,,,,,,,,,4,1,,612cbde9327f112bbd3e6e68,697fac9cc2ba89523b816272,6980a0423d2915d9a91d4d86
02.02.26 14:02,02.02.26 14:02,0,84.70.35.143,100,44,1,02.02.26 14:02,R_2YjF511ATbqk34J,,,,,53.8355,-2.9776,anonymous,EN,,,,,,,,,,,,,,,,,,,,,,,,,,,,,,,,,,,,,,,,,6,6,5,7,11,8,6,6,6,6,,,,,,,,,,,,,,,,,,,,,,,,,,,,,,,,,,,,,,,,,,,,,,,,,,,3,1,,60cf0d251a90eb823bc9b740,697fac9cc2ba89523b816272,6980a04755ca3b63221ae912
02.02.26 14:02,02.02.26 14:02,0,138.253.99.168,100,25,1,02.02.26 14:02,R_81gE4cg3qUING6O,,,,,53.4174,-2.9112,anonymous,EN,,,,,,,,,,,,,,,,,,,,,,,,,,,,,,,,,,,,,,,,,,,,,,,,,,,,,,,,,,,,,4,4,7,6,5,5,7,8,8,6,,,,,,,,,,,,,,,,,,,,,,,,,,,,,,,4,1,,62d13582584ecb519db9ec60,697fac9cc2ba89523b816272,6980a05a1a5d561d7e8bffbb
02.02.26 14:02,02.02.26 14:02,0,82.28.201.13,100,45,1,02.02.26 14:02,R_24mRMSutyTrVSnv,,,,,53.9169,-1.5735,anonymous,EN,,,,,,,,,,,,,,,,,,,,,,,,,,,,,,,,,,,,,,,,,,,,,,,,,,,,,,,,,,,,,7,4,8,7,4,2,1,2,3,1,,,,,,,,,,,,,,,,,,,,,,,,,,,,,,,6,2,,5a510af3eedc32000141fe67,697fac9cc2ba89523b816272,6980a0446e354e2896b3155c
02.02.26 14:01,02.02.26 14:02,0,62.49.149.58,100,55,1,02.02.26 14:02,R_2bW7cs3oxJX1ujQ,,,,,51.4402,-0.0259,anonymous,EN,,,,,,,,,,,,,,,,,,,,,,,,,,,,,,,,,,,,,,,,,,,,,,,,,,,,,,,,,,,,,9,9,8,8,9,9,7,9,9,9,,,,,,,,,,,,,,,,,,,,,,,,,,,,,,,3,1,,67139698ab79b82f8afd1e93,697fac9cc2ba89523b816272,6980a02f90d803ca33f19696
02.02.26 14:02,02.02.26 14:02,0,217.46.50.132,100,53,1,02.02.26 14:02,R_2ruKaHDQ4CplN6N,,,,,52.3978,0.1123,anonymous,EN,3,3,4,3,2,2,2,2,6,2,,,,,,,,,,,,,,,,,,,,,,,,,,,,,,,,,,,,,,,,,,,,,,,,,,,,,,,,,,,,,,,,,,,,,,,,,,,,,,,,,,,,,,,,,,,3,2,,6978e94c86ef2c792e089759,697fac9cc2ba89523b816272,6980a0410efad3e40568e2b6
02.02.26 14:02,02.02.26 14:02,0,31.94.30.189,100,32,1,02.02.26 14:02,R_8sysGlwQN14V93F,,,,,53.5477,-2.1259,anonymous,EN,11,11,11,11,11,11,8,6,7,7,,,,,,,,,,,,,,,,,,,,,,,,,,,,,,,,,,,,,,,,,,,,,,,,,,,,,,,,,,,,,,,,,,,,,,,,,,,,,,,,,,,,,,,,,,,6,2,,665dc46f6552a7a3a0039fe6,697fac9cc2ba89523b816272,6980a04525f803d109c5c04f
02.02.26 14:02,02.02.26 14:02,0,157.125.78.70,100,35,1,02.02.26 14:02,R_2gMYDbuAMWinlMM,,,,,51.4126,-0.3086,anonymous,EN,,,,,,,,,,,,,,,,,,,,,,,,,,,,,,,,,,,,,,,,,,,,,,,,,,,,,,,,,,,,,,,,,,,,,,,,,,,,,,,,,,,,,,,,,,,9,9,8,9,9,8,6,7,7,8,6,2,,5c72f9bf8711bf000139c5ee,697fac9cc2ba89523b816272,6980a05213e77e535d3d532b
02.02.26 14:02,02.02.26 14:02,0,82.71.193.97,100,22,1,02.02.26 14:02,R_8HuKQ10Oh5Bf5a2,,,,,53.1015,-2.439,anonymous,EN,,,,,,,,,,,,,,,,,,,,,,,,,,,,,,,,,,,,,,,,,11,11,11,11,,4,1,8,9,9,,,,,,,,,,,,,,,,,,,,,,,,,,,,,,,,,,,,,,,,,,,,,,,,,,,3,2,,665c302327136dcdb0c4a2e0,697fac9cc2ba89523b816272,6980a061dc3f2512b07a131e
02.02.26 14:02,02.02.26 14:02,0,86.17.203.100,100,39,1,02.02.26 14:02,R_2V4lTeiFVyBPo86,,,,,54.9313,-1.5855,anonymous,EN,,,,,,,,,,,10,9,9,11,7,8,9,11,9,10,,,,,,,,,,,,,,,,,,,,,,,,,,,,,,,,,,,,,,,,,,,,,,,,,,,,,,,,,,,,,,,,,,,,,,,,,,,,,,,,,4,1,,5483702ffdf99b24c654b810,697fac9cc2ba89523b816272,6980a0553cc6b6f6b3a9dd46
02.02.26 14:02,02.02.26 14:02,0,86.175.158.202,100,52,1,02.02.26 14:02,R_2L6HRUqOvxgHoSc,,,,,51.5005,-0.1905,anonymous,EN,,,,,,,,,,,,,,,,,,,,,,,,,,,,,,,,,,,,,,,,,,,,,,,,,,,,,,,,,,,,,,,,,,,,,,,8,6,7,7,8,6,7,7,8,8,,,,,,,,,,,,,,,,,,,,,4,2,,5ea824f580b9ef228f589930,697fac9cc2ba89523b816272,6980a04637caa356e182d6ed
02.02.26 14:01,02.02.26 14:02,0,81.98.164.67,100,79,1,02.02.26 14:02,R_8XAWM4HNwof0fbX,,,,,51.5177,-0.6215,anonymous,EN,,,,,,,,,,,,,,,,,,,,,,,,,,,,,,,,,,,,,,,,,,,,,,,,,,,,,,,,,,,,,,,,,,,,,,,6,7,6,7,7,6,6,6,6,6,,,,,,,,,,,,,,,,,,,,,4,2,,676577d322a47a42f998fcc1,697fac9cc2ba89523b816272,6980a02a9e81447689d710bf
02.02.26 14:02,02.02.26 14:02,0,84.69.240.202,100,50,1,02.02.26 14:02,R_2E23uhLTnubSH9T,,,,,53.7401,-1.5988,anonymous,EN,,,,,,,,,,,,,,,,,,,,,,,,,,,,,,,,,,,,,,,,,,,,,,,,,,,,,,,,,,,,,,,,,,,,,,,,,,,,,,,,,,,,,,,,,,,11,11,11,11,11,10,10,10,11,11,5,1,,67d00ceb0de1512e5669d4c5,697fac9cc2ba89523b816272,6980a04bf81a54797acf6a09
02.02.26 14:02,02.02.26 14:02,0,31.94.72.94,100,31,1,02.02.26 14:02,R_8Lb4zCIZKAObT3I,,,,,51.4743,-0.0928,anonymous,EN,,,,,,,,,,,,,,,,,,,,,,,,,,,,,,,,,,,,,,,,,,,,,,,,,,,,,,,,,,,,,,,,,,,,,,,7,8,3,8,9,7,6,7,7,5,,,,,,,,,,,,,,,,,,,,,4,1,,5cf10c50968101001aee96c9,697fac9cc2ba89523b816272,6980a05cf6d7d5fd60f7b267
02.02.26 14:02,02.02.26 14:02,0,92.41.158.88,100,25,1,02.02.26 14:02,R_8EujBoBa9WF44lh,,,,,51.4469,0.0509,anonymous,EN,,,,,,,,,,,,,,,,,,,,,,,,,,,,,,,,,,,,,,,,,,,,,,,,,,,,,,,,,,,,,,,,,,,,,,,,,,,,,,,,,,,,,,,,,,,2,2,6,2,6,1,1,1,1,2,6,1,,5eca46c6c1e2c601290bab15,697fac9cc2ba89523b816272,6980a0623e76c9c72f53c583
02.02.26 14:02,02.02.26 14:02,0,140.228.75.10,100,45,1,02.02.26 14:02,R_2KCPHg6MiWb9mvf,,,,,51.477,-0.1959,anonymous,EN,,,,,,,,,,,,,,,,,,,,,,,,,,,,,,,,,,,,,,,,,,,,,,,,,,,,,,,,,,,,,,,,,,,,,,,,,,,,,,,,,,,,,,,,,,,8,9,8,9,10,8,8,6,7,7,5,1,,5fcca7bf6a7182b003b32a36,697fac9cc2ba89523b816272,6980a04dc194539288cf3c98
02.02.26 14:01,02.02.26 14:02,0,86.17.152.206,100,68,1,02.02.26 14:02,R_8ozJZnWIYJ1uvf1,,,,,54.9684,-1.4002,anonymous,EN,,,,,,,,,,,,,,,,,,,,,,,,,,,,,,,,,,,,,,,,,,,,,,,,,,,,,,,,,,,,,,,,,,,,,,,,,,,,,,,,,,,,,,,,,,,7,7,6,3,3,1,1,1,1,1,3,2,,6978d532e03b49d2072f4538,697fac9cc2ba89523b816272,6980a035a4d28fe7e97df2af
02.02.26 14:02,02.02.26 14:02,0,92.27.83.233,100,27,1,02.02.26 14:02,R_8HhNAlhUuVY2D8Z,,,,,50.8546,0.5362,anonymous,EN,,,,,,,,,,,,,,,,,,,,,,,,,,,,,,,,,,,,,,,,,,,,,,,,,,,,,,,,,,,,,,,,,,,,,,,10,10,9,11,11,6,1,2,6,2,,,,,,,,,,,,,,,,,,,,,4,1,,62a727c0b6efe57fb90a5b86,697fac9cc2ba89523b816272,6980a06033c6c9e1ec999a31
02.02.26 14:01,02.02.26 14:02,0,72.206.118.35,100,94,1,02.02.26 14:02,R_3zyzQPGxI8TZoWt,,,,,41.1156,-95.9375,anonymous,EN,,,,,,,,,,,,,,,,,,,,,,,,,,,,,,,8,9,9,9,9,9,9,8,8,4,,,,,,,,,,,,,,,,,,,,,,,,,,,,,,,,,,,,,,,,,,,,,,,,,,,,,,,,,,,,,6,2,,5b3e322998a45e0001edd87a,697fac9cc2ba89523b816272,6980a01b1faafa04148a2a4f
02.02.26 14:02,02.02.26 14:02,0,86.136.42.199,100,50,1,02.02.26 14:02,R_2MhTqTgIZb9Qsui,,,,,51.9322,-0.4568,anonymous,EN,,,,,,,,,,,,,,,,,,,,,,,,,,,,,,,,,,,,,,,,,7,8,6,6,7,6,6,6,6,6,,,,,,,,,,,,,,,,,,,,,,,,,,,,,,,,,,,,,,,,,,,,,,,,,,,3,2,,673a17c693f3e23c48322390,697fac9cc2ba89523b816272,6980a03c7c3bb8c17ca0dbe6
02.02.26 14:02,02.02.26 14:02,0,90.212.90.133,100,46,1,02.02.26 14:02,R_2DSVxdvx5JLHFPP,,,,,53.3858,-1.4616,anonymous,EN,,,,,,,,,,,,,,,,,,,,,,,,,,,,,,,,,,,,,,,,,,,,,,,,,,,,,,,,,,,,,,,,,,,,,,,3,3,3,7,2,3,3,1,1,1,,,,,,,,,,,,,,,,,,,,,5,1,,6156fe57a77ed18bda735726,697fac9cc2ba89523b816272,6980a04d01042e70be8e19a2
02.02.26 14:01,02.02.26 14:02,0,82.20.104.129,100,77,1,02.02.26 14:02,R_8m908dGjfatHHYZ,,,,,53.5354,-2.0633,anonymous,EN,,,,,,,,,,,,,,,,,,,,,,,,,,,,,,,,,,,,,,,,,5,4,4,5,4,5,4,5,2,3,,,,,,,,,,,,,,,,,,,,,,,,,,,,,,,,,,,,,,,,,,,,,,,,,,,5,2,,59789a60bf453d00010a94c7,697fac9cc2ba89523b816272,6980a022fb1e270f045c540c
02.02.26 14:02,02.02.26 14:02,0,90.251.24.235,100,30,1,02.02.26 14:03,R_23wana020e1J3j3,,,,,53.797,-2.9305,anonymous,EN,,,,,,,,,,,,,,,,,,,,,,,,,,,,,,,,,,,,,,,,,,,,,,,,,,,,,,,,,,,,,4,3,4,3,2,1,1,1,1,1,,,,,,,,,,,,,,,,,,,,,,,,,,,,,,,5,2,,6156fef09d1ab07148870099,697fac9cc2ba89523b816272,6980a05eadba7dd82d9dec16
02.02.26 14:02,02.02.26 14:03,0,163.1.94.38,100,39,1,02.02.26 14:03,R_2iKseHMvwviK6pr,,,,,51.7344,-1.333,anonymous,EN,5,5,5,3,10,2,4,1,1,1,,,,,,,,,,,,,,,,,,,,,,,,,,,,,,,,,,,,,,,,,,,,,,,,,,,,,,,,,,,,,,,,,,,,,,,,,,,,,,,,,,,,,,,,,,,3,2,,5e147fe5f74ffb000b9e6f7c,697fac9cc2ba89523b816272,6980a056940bcc288cb445e8
02.02.26 14:02,02.02.26 14:03,0,86.128.0.127,100,56,1,02.02.26 14:03,R_24NnAelf9SNj3zB,,,,,51.4781,-0.0279,anonymous,EN,,,,,,,,,,,,,,,,,,,,,,,,,,,,,,,,,,,,,,,,,,,,,,,,,,,9,10,10,11,11,11,9,9,8,9,,,,,,,,,,,,,,,,,,,,,,,,,,,,,,,,,,,,,,,,,3,1,,67aa57d7de6f4c4edff8a1fb,697fac9cc2ba89523b816272,6980a048887587c9c142a2c4
02.02.26 14:02,02.02.26 14:03,0,88.97.163.14,100,38,1,02.02.26 14:03,R_21zhp3hTmuvUXnc,,,,,53.7457,-2.477,anonymous,EN,,,,,,,,,,,8,8,9,9,9,8,7,10,10,9,,,,,,,,,,,,,,,,,,,,,,,,,,,,,,,,,,,,,,,,,,,,,,,,,,,,,,,,,,,,,,,,,,,,,,,,,,,,,,,,,5,2,,6097f813d541b6142fae8e7f,697fac9cc2ba89523b816272,6980a0590c51d0cea38b9097
02.02.26 14:02,02.02.26 14:03,0,81.174.159.230,100,55,1,02.02.26 14:03,R_2f1olh8HdgGm7qA,,,,,51.0714,-0.8108,anonymous,EN,,,,,,,,,,,,,,,,,,,,,,,,,,,,,,,8,10,9,10,8,9,1,2,6,4,,,,,,,,,,,,,,,,,,,,,,,,,,,,,,,,,,,,,,,,,,,,,,,,,,,,,,,,,,,,,2,2,,697beb5e1e20c7608f853b55,697fac9cc2ba89523b816272,6980a048c38a8489b29c26b8
02.02.26 14:01,02.02.26 14:03,0,46.203.199.237,100,86,1,02.02.26 14:03,R_8rwxTxpLWl4lY15,,,,,51.5081,-0.1278,anonymous,EN,8,8,7,8,7,8,8,8,8,8,,,,,,,,,,,,,,,,,,,,,,,,,,,,,,,,,,,,,,,,,,,,,,,,,,,,,,,,,,,,,,,,,,,,,,,,,,,,,,,,,,,,,,,,,,,5,2,,614873a43b76bea1f97ee78f,697fac9cc2ba89523b816272,6980a02b13c269b37a67b9ec
02.02.26 14:01,02.02.26 14:03,0,90.243.167.235,100,83,1,02.02.26 14:03,R_24zyRrDbnpR1hAJ,,,,,51.4492,-0.8798,anonymous,EN,,,,,,,,,,,,,,,,,,,,,10,10,10,10,10,7,6,7,6,4,,,,,,,,,,,,,,,,,,,,,,,,,,,,,,,,,,,,,,,,,,,,,,,,,,,,,,,,,,,,,,,,,,,,,,,2,2,,66eada82e2a59d472d2dd086,697fac9cc2ba89523b816272,6980a030a93dfc59a317de25
02.02.26 14:02,02.02.26 14:03,0,209.35.71.140,100,64,1,02.02.26 14:03,R_2m3O6J8aRxM6o24,,,,,51.4719,-0.1616,anonymous,EN,,,,,,,,,,,,,,,,,,,,,,,,,,,,,,,5,3,2,6,1,1,6,3,2,1,,,,,,,,,,,,,,,,,,,,,,,,,,,,,,,,,,,,,,,,,,,,,,,,,,,,,,,,,,,,,4,2,,67ab774ce8f7c0ef8f2fbcd7,697fac9cc2ba89523b816272,6980a044a4b4c6ee6350f097
02.02.26 14:02,02.02.26 14:03,0,86.191.51.20,100,55,1,02.02.26 14:03,R_278MsgUSpPWbk7y,,,,,51.7951,-0.1867,anonymous,EN,,,,,,,,,,,,,,,,,,,,,,,,,,,,,,,8,8,9,10,9,7,4,5,6,3,,,,,,,,,,,,,,,,,,,,,,,,,,,,,,,,,,,,,,,,,,,,,,,,,,,,,,,,,,,,,4,2,,61115a5c86530842e8400471,697fac9cc2ba89523b816272,6980a0324344d558208a2a05
02.02.26 14:02,02.02.26 14:03,0,172.59.217.41,100,56,1,02.02.26 14:03,R_1CNdc8emnmMi0rx,,,,,35.2369,-80.8957,anonymous,EN,,,,,,,,,,,,,,,,,,,,,,,,,,,,,,,,,,,,,,,,,,,,,,,,,,,,,,,,,,,,,,,,,,,,,,,,,,,,,,,,,7,8,10,10,7,4,2,8,9,3,,,,,,,,,,,4,2,,63b6c18f4f13282703357493,697fac9cc2ba89523b816272,6980a0163fd9e56eedc9a753
02.02.26 14:02,02.02.26 14:03,0,84.65.171.181,100,47,1,02.02.26 14:03,R_2Vl1d7QcvcWcnyQ,,,,,53.5515,-2.3311,anonymous,EN,,,,,,,,,,,,,,,,,,,,,,,,,,,,,,,,,,,,,,,,,11,11,9,11,11,10,11,11,11,11,,,,,,,,,,,,,,,,,,,,,,,,,,,,,,,,,,,,,,,,,,,,,,,,,,,5,2,,5baa21188a01680001ff1a6f,697fac9cc2ba89523b816272,6980a05418fa96a5fa4e2d8e
02.02.26 14:02,02.02.26 14:03,0,81.99.218.113,100,42,1,02.02.26 14:03,R_8uXjd18PSzOj2md,,,,,52.9538,-1.1571,anonymous,EN,,,,,,,,,,,,,,,,,,,,,,,,,,,,,,,11,10,10,9,9,9,10,10,9,10,,,,,,,,,,,,,,,,,,,,,,,,,,,,,,,,,,,,,,,,,,,,,,,,,,,,,,,,,,,,,4,2,,664df024c7ce709382bea0ed,697fac9cc2ba89523b816272,6980a04e991924f147b358b2
02.02.26 14:01,02.02.26 14:03,0,78.148.63.150,100,78,1,02.02.26 14:03,R_8rAW1stscloLMNS,,,,,52.9538,-1.1571,anonymous,EN,,,,,,,,,,,,,,,,,,,,,,,,,,,,,,,6,5,6,5,10,6,4,6,6,3,,,,,,,,,,,,,,,,,,,,,,,,,,,,,,,,,,,,,,,,,,,,,,,,,,,,,,,,,,,,,6,1,,673dbd045098f9d6df294bdd,697fac9cc2ba89523b816272,6980a03458f79287a48440d7
02.02.26 14:02,02.02.26 14:03,0,73.182.226.175,100,42,1,02.02.26 14:03,R_3VI4WSVyCo7dZIf,,,,,41.3908,-73.4483,anonymous,EN,,,,,,,,,,,,,,,,,,,,,,,,,,,,,,,,,,,,,,,,,,,,,,,,,,,,,,,,,,,,,,,,,,,,,,,1,11,11,7,1,11,6,6,6,1,,,,,,,,,,,,,,,,,,,,,3,1,,6638e8aa3d1f38846080806a,697fac9cc2ba89523b816272,6980a05e2716504b6e9e9386
02.02.26 14:02,02.02.26 14:03,0,94.175.112.34,100,46,1,02.02.26 14:03,R_2fZbcFJ6LBuTIfu,,,,,55.7819,-4.0029,anonymous,EN,,,,,,,,,,,,,,,,,,,,,,,,,,,,,,,,,,,,,,,,,,,,,,,,,,,,,,,,,,,,,9,8,9,9,9,9,9,8,9,9,,,,,,,,,,,,,,,,,,,,,,,,,,,,,,,3,2,,6779c8fd10ec19bf89b5f9d8,697fac9cc2ba89523b816272,6980a05b53eb5904ae452fb0
02.02.26 14:02,02.02.26 14:03,0,81.86.187.129,100,38,1,02.02.26 14:03,R_22cMdxVksGdERqx,,,,,51.5177,-0.6215,anonymous,EN,,,,,,,,,,,,,,,,,,,,,,,,,,,,,,,,,,,,,,,,,3,2,3,1,4,2,3,1,1,2,,,,,,,,,,,,,,,,,,,,,,,,,,,,,,,,,,,,,,,,,,,,,,,,,,,4,1,,5e8f8ebc09b58f28c329da6f,697fac9cc2ba89523b816272,6980a063e3c0ad85af58629d
02.02.26 14:02,02.02.26 14:03,0,172.56.7.238,100,54,1,02.02.26 14:03,R_1xVtddiHjfcy0Df,,,,,42.9339,-78.8046,anonymous,EN,,,,,,,,,,,,,,,,,,,,,5,2,5,7,7,7,7,5,5,2,,,,,,,,,,,,,,,,,,,,,,,,,,,,,,,,,,,,,,,,,,,,,,,,,,,,,,,,,,,,,,,,,,,,,,,6,2,,680e8e02ac5318446d1d6fb5,697fac9cc2ba89523b816272,6980a05047a5dde47d936342
02.02.26 14:02,02.02.26 14:03,0,86.144.6.97,100,69,1,02.02.26 14:03,R_21smGowx3rOqfFT,,,,,53.7933,-3.028,anonymous,EN,,,,,,,,,,,,,,,,,,,,,5,4,4,8,7,9,8,10,6,8,,,,,,,,,,,,,,,,,,,,,,,,,,,,,,,,,,,,,,,,,,,,,,,,,,,,,,,,,,,,,,,,,,,,,,,4,1,,664e2c11cda6e01d54eebe24,697fac9cc2ba89523b816272,6980a033874c0da946023778
02.02.26 14:02,02.02.26 14:03,0,86.30.75.102,100,71,1,02.02.26 14:03,R_2CfDRd7bkQRtLZE,,,,,51.8702,0.9006,anonymous,EN,,,,,,,,,,,10,11,9,10,10,10,9,11,9,10,,,,,,,,,,,,,,,,,,,,,,,,,,,,,,,,,,,,,,,,,,,,,,,,,,,,,,,,,,,,,,,,,,,,,,,,,,,,,,,,,5,1,,63174af7d57182f9bf90c094,697fac9cc2ba89523b816272,6980a043ec299480f312c108
02.02.26 14:02,02.02.26 14:03,0,149.88.122.55,100,53,1,02.02.26 14:03,R_2IsTgUFCRwBRR7z,,,,,53.7426,-0.3295,anonymous,EN,,,,,,,,,,,5,7,10,5,7,5,2,8,4,3,,,,,,,,,,,,,,,,,,,,,,,,,,,,,,,,,,,,,,,,,,,,,,,,,,,,,,,,,,,,,,,,,,,,,,,,,,,,,,,,,3,1,,5ea2f8ff57400807b6f53ddf,697fac9cc2ba89523b816272,6980a025431ada2476411433
02.02.26 14:02,02.02.26 14:03,0,84.70.34.153,100,59,1,02.02.26 14:03,R_26i8gbbQfzlVYYN,,,,,53.4821,-2.5103,anonymous,EN,1,1,1,1,1,1,1,6,1,1,,,,,,,,,,,,,,,,,,,,,,,,,,,,,,,,,,,,,,,,,,,,,,,,,,,,,,,,,,,,,,,,,,,,,,,,,,,,,,,,,,,,,,,,,,,6,1,,67d18f41f2533fd38b55a10f,697fac9cc2ba89523b816272,6980a04f15ae8d84c73d1e5f
02.02.26 14:01,02.02.26 14:03,0,193.237.238.76,100,96,1,02.02.26 14:03,R_2FKz6qihU4g79nx,,,,,52.4145,-1.7841,anonymous,EN,4,4,4,4,7,6,3,9,4,8,,,,,,,,,,,,,,,,,,,,,,,,,,,,,,,,,,,,,,,,,,,,,,,,,,,,,,,,,,,,,,,,,,,,,,,,,,,,,,,,,,,,,,,,,,,3,2,,6978e620dcbd6b941c846baf,697fac9cc2ba89523b816272,6980a0220b6a05c473b66e53
02.02.26 14:02,02.02.26 14:03,0,86.22.73.154,100,52,1,02.02.26 14:03,R_2XcuRR9Gu9kPC3T,,,,,52.6181,-1.1804,anonymous,EN,,,,,,,,,,,,,,,,,,,,,,,,,,,,,,,,,,,,,,,,,,,,,,,,,,,8,4,4,8,11,9,9,9,3,9,,,,,,,,,,,,,,,,,,,,,,,,,,,,,,,,,,,,,,,,,4,1,,6321d9c78e8e3c04f82a0ea0,697fac9cc2ba89523b816272,6980a05237caa356e182d6f4
02.02.26 14:02,02.02.26 14:03,0,86.191.208.132,100,45,1,02.02.26 14:03,R_83TxwHiHz9e77Z5,,,,,51.4647,-0.0509,anonymous,EN,,,,,,,,,,,,,,,,,,,,,,,,,,,,,,,,,,,,,,,,,,,,,,,,,,,,,,,,,,,,,,,,,,,,,,,,,,,,,,,,,,,,,,,,,,,9,8,9,9,9,9,8,9,10,9,3,2,,6766ea6a47acc9ab66013b95,697fac9cc2ba89523b816272,6980a0600efad3e40568e2ba
02.02.26 14:02,02.02.26 14:03,0,84.92.52.100,100,53,1,02.02.26 14:03,R_2eWqhdEA9lexLtP,,,,,51.5415,-0.0601,anonymous,EN,,,,,,,,,,,,,,,,,,,,,6,6,5,8,8,3,5,7,6,5,,,,,,,,,,,,,,,,,,,,,,,,,,,,,,,,,,,,,,,,,,,,,,,,,,,,,,,,,,,,,,,,,,,,,,,5,1,,5f09fab615ee6b0ab5235b15,697fac9cc2ba89523b816272,6980a057e6a1470b6caf6d77
02.02.26 14:01,02.02.26 14:03,0,81.179.250.203,100,99,1,02.02.26 14:03,R_2wQ6ZoaRcwp0FAB,,,,,52.2463,-0.9342,anonymous,EN,,,,,,,,,,,,,,,,,,,,,,,,,,,,,,,,,,,,,,,,,,,,,,,,,,,10,11,11,11,10,8,3,8,7,6,,,,,,,,,,,,,,,,,,,,,,,,,,,,,,,,,,,,,,,,,4,2,,5c63e773f9b6300001c9ce20,697fac9cc2ba89523b816272,6980a02af544a2798f085cb7
02.02.26 14:02,02.02.26 14:03,0,2.96.164.110,100,39,1,02.02.26 14:03,R_2p5wl4En7RtNaPR,,,,,51.4648,-0.0373,anonymous,EN,,,,,,,,,,,,,,,,,,,,,,,,,,,,,,,,,,,,,,,,,,,,,,,,,,,5,4,5,2,3,2,1,1,2,1,,,,,,,,,,,,,,,,,,,,,,,,,,,,,,,,,,,,,,,,,4,2,,65a3f461bfa22dde98c10436,697fac9cc2ba89523b816272,6980a025ed32dfac42811f56
02.02.26 14:02,02.02.26 14:03,0,85.255.234.246,100,73,1,02.02.26 14:03,R_2CZysF4tpgCkvUa,,,,,51.4964,-0.1224,anonymous,EN,,,,,,,,,,,,,,,,,,,,,4,4,4,11,11,6,1,1,1,1,,,,,,,,,,,,,,,,,,,,,,,,,,,,,,,,,,,,,,,,,,,,,,,,,,,,,,,,,,,,,,,,,,,,,,,5,1,,5c81582c4c1a61000155584f,697fac9cc2ba89523b816272,6980a0318df53bdf581e28a6
02.02.26 14:02,02.02.26 14:03,0,86.149.65.192,100,63,1,02.02.26 14:03,R_2ARSgv9uprhBSB9,,,,,51.5164,-0.093,anonymous,EN,,,,,,,,,,,,,,,,,,,,,6,5,5,8,10,9,4,8,8,8,,,,,,,,,,,,,,,,,,,,,,,,,,,,,,,,,,,,,,,,,,,,,,,,,,,,,,,,,,,,,,,,,,,,,,,5,2,,66839058a88759d4987e3e1c,697fac9cc2ba89523b816272,6980a050b10e598a56135974
02.02.26 14:02,02.02.26 14:03,0,81.79.214.195,100,54,1,02.02.26 14:03,R_2CHMfe7cHCkFfhr,,,,,55.9025,-4.1085,anonymous,EN,,,,,,,,,,,,,,,,,,,,,,,,,,,,,,,9,9,9,9,9,9,9,9,9,9,,,,,,,,,,,,,,,,,,,,,,,,,,,,,,,,,,,,,,,,,,,,,,,,,,,,,,,,,,,,,4,2,,654a4e70d54c53b51f1dde61,697fac9cc2ba89523b816272,6980a05a41beb880140eba08
02.02.26 14:02,02.02.26 14:03,0,77.103.196.41,100,53,1,02.02.26 14:03,R_81WA8mXsCFEWam2,,,,,51.5197,0.371,anonymous,EN,,,,,,,,,,,,,,,,,,,,,,,,,,,,,,,7,7,6,8,8,6,6,7,6,6,,,,,,,,,,,,,,,,,,,,,,,,,,,,,,,,,,,,,,,,,,,,,,,,,,,,,,,,,,,,,6,1,,67364209fa9fe83464c0be80,697fac9cc2ba89523b816272,6980a059fb1499ce511623b5
02.02.26 14:02,02.02.26 14:03,0,86.4.213.204,100,50,1,02.02.26 14:03,R_2OCUw4OuPl2oah2,,,,,51.4648,-0.0373,anonymous,EN,,,,,,,,,,,,,,,,,,,,,,,,,,,,,,,,,,,,,,,,,,,,,,,,,,,,,,,,,,,,,,,,,,,,,,,8,5,8,8,5,5,3,4,3,1,,,,,,,,,,,,,,,,,,,,,3,2,,66620adc8ed85217ecb07185,697fac9cc2ba89523b816272,6980a05f65f1b3b5b9157797
02.02.26 14:02,02.02.26 14:03,0,86.12.100.133,100,52,1,02.02.26 14:03,R_8225kxJVOeyshZ7,,,,,51.2105,-1.5001,anonymous,EN,,,,,,,,,,,,,,,,,,,,,9,7,7,8,9,8,4,9,9,9,,,,,,,,,,,,,,,,,,,,,,,,,,,,,,,,,,,,,,,,,,,,,,,,,,,,,,,,,,,,,,,,,,,,,,,3,1,,5e2df53ff420f03dee6a87b7,697fac9cc2ba89523b816272,6980a05d01779aa548168132
02.02.26 14:02,02.02.26 14:03,0,90.192.143.240,100,53,1,02.02.26 14:03,R_2is1Xy8S81TNhDW,,,,,53.7981,-1.7623,anonymous,EN,,,,,,,,,,,,,,,,,,,,,,,,,,,,,,,,,,,,,,,,,,,,,,,,,,,,,,,,,,,,,,,,,,,,,,,8,8,8,8,10,6,5,3,6,6,,,,,,,,,,,,,,,,,,,,,5,2,,59e71a3b1ac65d0001eb47ac,697fac9cc2ba89523b816272,6980a04efab106ceb9853b85
02.02.26 14:01,02.02.26 14:03,0,86.132.93.28,100,91,1,02.02.26 14:03,R_20Dl9Bg7auI04z7,,,,,51.7335,0.4651,anonymous,EN,,,,,,,,,,,,,,,,,,,,,,,,,,,,,,,,,,,,,,,,,,,,,,,,,,,,,,,,,,,,,,,,,,,,,,,,,,,,,,,,,7,5,5,9,9,7,8,9,9,8,,,,,,,,,,,6,2,,65de30b34b701c678a13c75b,697fac9cc2ba89523b816272,6980a03595f3618b8d8a644d
02.02.26 14:01,02.02.26 14:03,0,80.234.164.70,100,99,1,02.02.26 14:03,R_2hSdB4R1keInHN2,,,,,53.5504,-2.5181,anonymous,EN,,,,,,,,,,,,,,,,,,,,,,,,,,,,,,,,,,,,,,,,,,,,,,,,,,,,,,,,,,,,,,,,,,,,,,,,,,,,,,,,,,,,,,,,,,,9,9,9,11,6,9,9,9,6,3,6,1,,5ce9b0e4be5a6b00163f6870,697fac9cc2ba89523b816272,6980a026fa0a8b570f948add
02.02.26 14:02,02.02.26 14:03,0,77.111.122.147,100,79,1,02.02.26 14:03,R_23kgVrL1JZj2Qrd,,,,,53.4836,-2.2862,anonymous,EN,,,,,,,,,,,,,,,,,,,,,,,,,,,,,,,,,,,,,,,,,,,,,,,,,,,,,,,,,,,,,,,,,,,,,,,,,,,,,,,,,8,9,7,9,9,9,5,8,9,6,,,,,,,,,,,3,1,,67e0870d582edce0a2764d1f,697fac9cc2ba89523b816272,6980a037817d8c2f6133c721
02.02.26 14:02,02.02.26 14:03,0,89.243.63.177,100,58,1,02.02.26 14:03,R_2Mcil8BXbGlqfP5,,,,,53.1699,-2.9395,anonymous,EN,,,,,,,,,,,,,,,,,,,,,,,,,,,,,,,,,,,,,,,,,,,,,,,,,,,8,6,9,9,9,8,7,3,6,4,,,,,,,,,,,,,,,,,,,,,,,,,,,,,,,,,,,,,,,,,6,1,,5dcddf9f4d51e40a5292727d,697fac9cc2ba89523b816272,6980a057415702bd13cb7fde
02.02.26 14:02,02.02.26 14:03,0,23.28.32.3,100,73,1,02.02.26 14:03,R_5Qljz96IBuU6itC,,,,,41.3147,-75.7911,anonymous,EN,,,,,,,,,,,,,,,,,,,,,,,,,,,,,,,,,,,,,,,,,,,,,,,,,,,,,,,,,,,,,,,,,,,,,,,,,,,,,,,,,1,1,3,1,11,1,1,1,1,3,,,,,,,,,,,7,2,,673658d3f472f26f74885fe7,697fac9cc2ba89523b816272,6980a04772b4e516720904f4
02.02.26 14:02,02.02.26 14:03,0,80.5.146.207,100,63,1,02.02.26 14:03,R_2DD1SxQ6zu9fAfQ,,,,,53.7981,-1.7623,anonymous,EN,,,,,,,,,,,,,,,,,,,,,,,,,,,,,,,,,,,,,,,,,,,,,,,,,,,,,,,,,,,,,9,11,11,10,11,3,2,4,6,3,,,,,,,,,,,,,,,,,,,,,,,,,,,,,,,3,1,,63f77f79278126e103659cf4,697fac9cc2ba89523b816272,6980a0523879a3ac744aac93
02.02.26 14:01,02.02.26 14:03,0,92.40.219.51,100,104,1,02.02.26 14:03,R_8Rmy3bmANg73Kvv,,,,,53.4628,-2.1626,anonymous,EN,,,,,,,,,,,,,,,,,,,,,3,2,2,4,10,8,5,4,2,7,,,,,,,,,,,,,,,,,,,,,,,,,,,,,,,,,,,,,,,,,,,,,,,,,,,,,,,,,,,,,,,,,,,,,,,6,1,,66faa830ac165a79e559da2a,697fac9cc2ba89523b816272,6980a02b415702bd13cb7fd3
02.02.26 14:02,02.02.26 14:03,0,185.21.209.44,100,60,1,02.02.26 14:03,R_852acmmO991XP5T,,,,,51.4622,0.4983,anonymous,EN,,,,,,,,,,,,,,,,,,,,,4,4,5,9,7,5,8,9,6,7,,,,,,,,,,,,,,,,,,,,,,,,,,,,,,,,,,,,,,,,,,,,,,,,,,,,,,,,,,,,,,,,,,,,,,,6,1,,6724bc43d763af35a17e5bfd,697fac9cc2ba89523b816272,6980a05890d803ca33f196a5
02.02.26 14:02,02.02.26 14:03,0,145.224.65.161,100,48,1,02.02.26 14:03,R_2SryXNGSlttrQdG,,,,,51.5164,-0.093,anonymous,EN,,,,,,,,,,,,,,,,,,,,,,,,,,,,,,,,,,,,,,,,,,,,,,,,,,,,,,,,,,,,,,,,,,,,,,,,,,,,,,,,,11,11,11,11,11,11,11,11,11,9,,,,,,,,,,,5,2,,59a3b1a35fd74b0001abf9c1,697fac9cc2ba89523b816272,6980a061a4361bcbe6cbc144
02.02.26 14:02,02.02.26 14:03,0,109.144.31.30,100,69,1,02.02.26 14:03,R_2mh3RzXNVeP9wfx,,,,,51.4964,-0.1224,anonymous,EN,,,,,,,,,,,,,,,,,,,,,,,,,,,,,,,,,,,,,,,,,7,8,9,8,9,7,5,7,8,7,,,,,,,,,,,,,,,,,,,,,,,,,,,,,,,,,,,,,,,,,,,,,,,,,,,3,1,,5dc2d4377624401eb1894bcd,697fac9cc2ba89523b816272,6980a050c94e1d8c07b6cd3b
02.02.26 14:02,02.02.26 14:03,0,90.240.214.122,100,77,1,02.02.26 14:03,R_24eJ6gYgumrU01c,,,,,52.3067,-1.9523,anonymous,EN,,,,,,,,,,,,,,,,,,,,,,,,,,,,,,,,,,,,,,,,,,,,,,,,,,,9,9,9,9,8,10,9,10,6,7,,,,,,,,,,,,,,,,,,,,,,,,,,,,,,,,,,,,,,,,,5,1,,66774233add67a4a8e71398e,697fac9cc2ba89523b816272,6980a038dc1834d3645b81a1
02.02.26 14:02,02.02.26 14:03,0,82.4.103.184,100,67,1,02.02.26 14:03,R_80VguVQvsCPNg5I,,,,,54.8473,-1.8281,anonymous,EN,,,,,,,,,,,,,,,,,,,,,,,,,,,,,,,,,,,,,,,,,,,,,,,,,,,4,3,2,3,2,1,1,1,2,1,,,,,,,,,,,,,,,,,,,,,,,,,,,,,,,,,,,,,,,,,5,1,,5dc486da84799a35fbede98d,697fac9cc2ba89523b816272,6980a05a30c58ee65d0a343e
02.02.26 14:01,02.02.26 14:03,0,86.136.42.219,100,102,1,02.02.26 14:03,R_8djo0fAACzQ3lDl,,,,,51.9322,-0.4568,anonymous,EN,,,,,,,,,,,,,,,,,,,,,3,3,3,10,10,10,10,6,3,3,,,,,,,,,,,,,,,,,,,,,,,,,,,,,,,,,,,,,,,,,,,,,,,,,,,,,,,,,,,,,,,,,,,,,,,5,1,,5eeddefa177a7322144cbc5e,697fac9cc2ba89523b816272,6980a031517c3b81cc9609ae
02.02.26 14:02,02.02.26 14:03,0,31.94.63.2,100,36,1,02.02.26 14:03,R_2FRJUEQNxaCw3Rv,,,,,53.4323,-2.1952,anonymous,EN,,,,,,,,,,,,,,,,,,,,,,,,,,,,,,,,,,,,,,,,,,,,,,,,,,,,,,,,,,,,,9,9,9,11,3,5,5,5,3,2,,,,,,,,,,,,,,,,,,,,,,,,,,,,,,,3,2,,6100906e671b8294f9ea93d8,697fac9cc2ba89523b816272,6980a05386cf2e75b5941fc1
02.02.26 14:02,02.02.26 14:03,0,143.159.151.247,100,83,1,02.02.26 14:03,R_2xBWDBrIcTLF82J,,,,,53.9169,-1.5735,anonymous,EN,,,,,,,,,,,8,8,7,7,7,7,5,7,8,6,,,,,,,,,,,,,,,,,,,,,,,,,,,,,,,,,,,,,,,,,,,,,,,,,,,,,,,,,,,,,,,,,,,,,,,,,,,,,,,,,5,1,,66cfab152c56aa0472529001,697fac9cc2ba89523b816272,6980a041dcb6f04e271bdf34
02.02.26 14:02,02.02.26 14:03,0,90.246.86.184,100,63,1,02.02.26 14:03,R_2rVjnRYA7lD5QNC,,,,,53.7401,-1.5988,anonymous,EN,,,,,,,,,,,,,,,,,,,,,,,,,,,,,,,,,,,,,,,,,,,,,,,,,,,,,,,,,,,,,,,,,,,,,,,,,,,,,,,,,,,,,,,,,,,8,7,8,6,8,3,1,1,1,3,4,2,,6659f77ee4fd69fa455cc86a,697fac9cc2ba89523b816272,6980a059f6ecebc3fcf25344
02.02.26 14:02,02.02.26 14:03,0,86.175.41.30,100,64,1,02.02.26 14:03,R_2Uiql0ZJWsz4xuK,,,,,51.2217,1.4102,anonymous,EN,3,3,3,3,3,11,6,1,1,2,,,,,,,,,,,,,,,,,,,,,,,,,,,,,,,,,,,,,,,,,,,,,,,,,,,,,,,,,,,,,,,,,,,,,,,,,,,,,,,,,,,,,,,,,,,6,1,,577a3dfd92c50c0001c9488f,697fac9cc2ba89523b816272,6980a058bfe0109d8054a7bf
02.02.26 14:02,02.02.26 14:03,0,46.208.202.76,100,52,1,02.02.26 14:03,R_8Vk42R2noz6POg1,,,,,54.9313,-1.5855,anonymous,EN,,,,,,,,,,,,,,,,,,,,,,,,,,,,,,,,,,,,,,,,,,,,,,,,,,,2,2,2,2,4,1,2,2,1,1,,,,,,,,,,,,,,,,,,,,,,,,,,,,,,,,,,,,,,,,,4,1,,599f00c54d25e800012fc9a6,697fac9cc2ba89523b816272,6980a06bc65698a8ff7fbb06
02.02.26 14:02,02.02.26 14:03,0,31.50.202.200,100,68,1,02.02.26 14:03,R_2ltYsOvtOHQglhM,,,,,52.5833,-1.0833,anonymous,EN,,,,,,,,,,,,,,,,,,,,,2,2,2,2,8,2,1,1,1,1,,,,,,,,,,,,,,,,,,,,,,,,,,,,,,,,,,,,,,,,,,,,,,,,,,,,,,,,,,,,,,,,,,,,,,,3,1,,677c0b2cc7ae71d7131134f7,697fac9cc2ba89523b816272,6980a05e5ba7cacec04c290a
02.02.26 14:02,02.02.26 14:03,0,86.142.136.55,100,41,1,02.02.26 14:03,R_2ZNX6JOOLgwYMZH,,,,,52.5505,0.082,anonymous,EN,8,7,8,7,9,8,9,8,8,8,,,,,,,,,,,,,,,,,,,,,,,,,,,,,,,,,,,,,,,,,,,,,,,,,,,,,,,,,,,,,,,,,,,,,,,,,,,,,,,,,,,,,,,,,,,3,2,,5f204db86a1b2a30a723f56c,697fac9cc2ba89523b816272,6980a05de1724b3c48b68878
02.02.26 14:02,02.02.26 14:03,0,98.230.78.70,100,67,1,02.02.26 14:03,R_1pF3fuiFCrDENlT,,,,,30.5218,-84.2626,anonymous,EN,6,6,9,9,9,9,1,2,9,7,,,,,,,,,,,,,,,,,,,,,,,,,,,,,,,,,,,,,,,,,,,,,,,,,,,,,,,,,,,,,,,,,,,,,,,,,,,,,,,,,,,,,,,,,,,5,1,,5694e7b5e0c800000b5a3841,697fac9cc2ba89523b816272,6980a05d05ac82fc7634a1a8
02.02.26 14:02,02.02.26 14:03,0,86.2.20.240,100,68,1,02.02.26 14:03,R_8zOSsKocjRhRAhT,,,,,53.3662,-1.2182,anonymous,EN,8,9,8,10,10,7,8,8,7,9,,,,,,,,,,,,,,,,,,,,,,,,,,,,,,,,,,,,,,,,,,,,,,,,,,,,,,,,,,,,,,,,,,,,,,,,,,,,,,,,,,,,,,,,,,,7,1,,5e480e306f7753000b908cb2,697fac9cc2ba89523b816272,6980a056c288431e8b55dcad
02.02.26 14:01,02.02.26 14:03,0,86.181.72.193,100,132,1,02.02.26 14:03,R_2WVeW5hxi861tfz,,,,,51.5327,-0.0996,anonymous,EN,,,,,,,,,,,,,,,,,,,,,,,,,,,,,,,,,,,,,,,,,,,,,,,,,,,,,,,,,,,,,6,6,6,7,4,5,2,7,3,2,,,,,,,,,,,,,,,,,,,,,,,,,,,,,,,3,2,,6978cdd7d1cc275f1892717d,697fac9cc2ba89523b816272,6980a01de502ec5c2a0eba58
02.02.26 14:02,02.02.26 14:03,0,86.15.42.78,100,67,1,02.02.26 14:03,R_2fvSFzQQ0V9wpuQ,,,,,56.0648,-3.4489,anonymous,EN,,,,,,,,,,,,,,,,,,,,,,,,,,,,,,,,,,,,,,,,,,,,,,,,,,,,,,,,,,,,,,,,,,,,,,,,,,,,,,,,,,,,,,,,,,,5,3,3,4,4,4,7,3,3,2,5,2,,653927811b00d4a0036cb7ab,697fac9cc2ba89523b816272,6980a062d002931519180a97
02.02.26 14:02,02.02.26 14:03,0,92.40.107.247,100,86,1,02.02.26 14:03,R_2rVgSHLwaZUUME2,,,,,51.5116,-0.1956,anonymous,EN,,,,,,,,,,,,,,,,,,,,,,,,,,,,,,,7,8,9,11,9,7,5,8,9,8,,,,,,,,,,,,,,,,,,,,,,,,,,,,,,,,,,,,,,,,,,,,,,,,,,,,,,,,,,,,,4,1,,67307f87eac0c3717c72d175,697fac9cc2ba89523b816272,6980a041ed8785ae2c180a32
02.02.26 14:03,02.02.26 14:03,0,46.203.199.243,100,42,1,02.02.26 14:03,R_2iWtylLwtQjqSdC,,,,,51.5081,-0.1278,anonymous,EN,,,,,,,,,,,7,10,7,9,8,8,4,7,10,8,,,,,,,,,,,,,,,,,,,,,,,,,,,,,,,,,,,,,,,,,,,,,,,,,,,,,,,,,,,,,,,,,,,,,,,,,,,,,,,,,2,1,,666c50576894ee3e6696af53,697fac9cc2ba89523b816272,6980a05c4fe4514468e79309
02.02.26 14:02,02.02.26 14:03,0,86.0.200.44,100,75,1,02.02.26 14:03,R_8JayGV6ip9saJbk,,,,,52.323,-1.8952,anonymous,EN,,,,,,,,,,,7,6,9,6,7,4,2,4,5,3,,,,,,,,,,,,,,,,,,,,,,,,,,,,,,,,,,,,,,,,,,,,,,,,,,,,,,,,,,,,,,,,,,,,,,,,,,,,,,,,,5,1,,672bc6a2073607e45cd91ca2,697fac9cc2ba89523b816272,6980a05c7ff893a092d188d9
02.02.26 14:02,02.02.26 14:03,0,143.159.47.175,100,67,1,02.02.26 14:03,R_2fdf7Pmx1ALdsSW,,,,,51.7335,0.4651,anonymous,EN,,,,,,,,,,,,,,,,,,,,,4,4,5,8,4,7,6,2,2,2,,,,,,,,,,,,,,,,,,,,,,,,,,,,,,,,,,,,,,,,,,,,,,,,,,,,,,,,,,,,,,,,,,,,,,,7,2,,5f87ec72bcee242284725d55,697fac9cc2ba89523b816272,6980a0604158749348d60e07
02.02.26 14:02,02.02.26 14:03,0,212.132.32.42,100,56,1,02.02.26 14:03,R_2Oe3NpBMYktIb6n,,,,,52.0317,-1.1511,anonymous,EN,,,,,,,,,,,4,3,5,3,3,2,2,2,2,3,,,,,,,,,,,,,,,,,,,,,,,,,,,,,,,,,,,,,,,,,,,,,,,,,,,,,,,,,,,,,,,,,,,,,,,,,,,,,,,,,6,2,,670128e69d2576c4828a706e,697fac9cc2ba89523b816272,6980a0566377ac47a2b358bb
02.02.26 14:02,02.02.26 14:03,0,73.246.251.196,100,69,1,02.02.26 14:03,R_5Nx5VqrKczTOump,,,,,40.6305,-89.6952,anonymous,EN,,,,,,,,,,,,,,,,,,,,,,,,,,,,,,,,,,,,,,,,,,,,,,,,,,,,,,,,,,,,,,,,,,,,,,,,,,,,,,,,,7,9,7,7,8,7,7,8,8,8,,,,,,,,,,,2,2,,69442e09aea78e142db2e54f,697fac9cc2ba89523b816272,6980a06204b2d178ee55dcc3
02.02.26 14:02,02.02.26 14:03,0,94.8.238.43,100,85,1,02.02.26 14:03,R_2h3UFUjVc6zLf3z,,,,,51.6445,-3.9775,anonymous,EN,,,,,,,,,,,8,6,7,5,4,7,8,10,10,8,,,,,,,,,,,,,,,,,,,,,,,,,,,,,,,,,,,,,,,,,,,,,,,,,,,,,,,,,,,,,,,,,,,,,,,,,,,,,,,,,2,1,,67334911eb1de6dd02fc126a,697fac9cc2ba89523b816272,6980a0576256d27d1e31e3b5
02.02.26 14:01,02.02.26 14:03,0,172.58.48.202,100,108,1,02.02.26 14:03,R_3MvidQkSvbdA4mt,,,,,29.8504,-95.4413,anonymous,EN,9,9,9,8,9,8,7,8,8,8,,,,,,,,,,,,,,,,,,,,,,,,,,,,,,,,,,,,,,,,,,,,,,,,,,,,,,,,,,,,,,,,,,,,,,,,,,,,,,,,,,,,,,,,,,,5,2,,67edb75b0744561f1cf6ff9d,697fac9cc2ba89523b816272,6980a0308df53bdf581e28a4
02.02.26 14:02,02.02.26 14:03,0,82.35.39.109,100,89,1,02.02.26 14:03,R_20u8eemoRmcCS9l,,,,,53.4367,-2.9652,anonymous,EN,3,4,3,2,9,4,5,3,3,7,,,,,,,,,,,,,,,,,,,,,,,,,,,,,,,,,,,,,,,,,,,,,,,,,,,,,,,,,,,,,,,,,,,,,,,,,,,,,,,,,,,,,,,,,,,6,2,,54847094fdf99b0379939c8e,697fac9cc2ba89523b816272,6980a051025876640e2cabbc
02.02.26 14:02,02.02.26 14:03,0,86.128.116.218,100,89,1,02.02.26 14:03,R_8P6LqJDr3fvFhTG,,,,,55.9495,-3.1983,anonymous,EN,,,,,,,,,,,6,7,7,6,5,2,1,2,2,2,,,,,,,,,,,,,,,,,,,,,,,,,,,,,,,,,,,,,,,,,,,,,,,,,,,,,,,,,,,,,,,,,,,,,,,,,,,,,,,,,4,5,,5962a5b29955ee00015bce98,697fac9cc2ba89523b816272,6980a05100f45ff470b5a37c
02.02.26 14:03,02.02.26 14:03,0,86.191.51.20,100,26,1,02.02.26 14:03,R_8EnxXCxnFdEtSQs,,,,,51.7951,-0.1867,anonymous,EN,,,,,,,,,,,,,,,,,,,,,,,,,,,,,,,,,,,,,,,,,8,8,8,8,7,3,2,4,4,2,,,,,,,,,,,,,,,,,,,,,,,,,,,,,,,,,,,,,,,,,,,,,,,,,,,4,1,,676e6f5eb2e5690f74382e58,697fac9cc2ba89523b816272,6980a04d898e61c7c04da61e
02.02.26 14:02,02.02.26 14:03,0,86.165.114.238,100,77,1,02.02.26 14:03,R_883lMXdnVtU9zYB,,,,,51.5591,-0.2283,anonymous,EN,,,,,,,,,,,,,,,,,,,,,,,,,,,,,,,,,,,,,,,,,,,,,,,,,,,,,,,,,,,,,10,11,11,11,9,10,9,11,10,10,,,,,,,,,,,,,,,,,,,,,,,,,,,,,,,4,1,,6151556ef73ba765c7ff55f6,697fac9cc2ba89523b816272,6980a05f14feefaa3240fce4
02.02.26 14:02,02.02.26 14:03,0,99.157.107.133,100,98,1,02.02.26 14:03,R_7KkHRkRQFMjDgnp,,,,,34.2926,-84.1789,anonymous,EN,,,,,,,,,,,,,,,,,,,,,,,,,,,,,,,,,,,,,,,,,,,,,,,,,,,,,,,,,,,,,,,,,,,,,,,,,,,,,,,,,,,,,,,,,,,7,8,8,6,8,5,4,5,6,3,2,2,,6978b98d9a0927ae51d797fd,697fac9cc2ba89523b816272,6980a04f9171c1ab6934229b
02.02.26 14:02,02.02.26 14:03,0,149.50.164.84,100,83,1,02.02.26 14:03,R_81jQ3DS9ZTC0sdb,,,,,51.5081,-0.1278,anonymous,EN,,,,,,,,,,,,,,,,,,,,,,,,,,,,,,,,,,,,,,,,,11,9,11,10,11,11,10,11,9,10,,,,,,,,,,,,,,,,,,,,,,,,,,,,,,,,,,,,,,,,,,,,,,,,,,,3,1,,672a57f001263d65e0a989d7,697fac9cc2ba89523b816272,6980a054388032023cfb1f59
02.02.26 14:01,02.02.26 14:04,0,82.37.31.241,100,136,1,02.02.26 14:04,R_2eDhprSX1E7xPGQ,,,,,51.5327,-0.0996,anonymous,EN,,,,,,,,,,,,,,,,,,,,,,,,,,,,,,,,,,,,,,,,,,,,,,,,,,,,,,,,,,,,,,,,,,,,,,,,,,,,,,,,,4,7,6,8,6,4,2,4,3,1,,,,,,,,,,,3,2,,55c495d2fdf99b2d6cabb691,697fac9cc2ba89523b816272,6980a0324158749348d60dff
02.02.26 14:01,02.02.26 14:04,0,172.59.70.77,100,128,1,02.02.26 14:04,R_71N3VB279DpPaRb,,,,,30.2903,-81.5092,anonymous,EN,4,3,3,3,7,8,8,3,2,2,,,,,,,,,,,,,,,,,,,,,,,,,,,,,,,,,,,,,,,,,,,,,,,,,,,,,,,,,,,,,,,,,,,,,,,,,,,,,,,,,,,,,,,,,,,5,1,,65c125b0b25e55f347146839,697fac9cc2ba89523b816272,6980a03d918ecb1ca3e120a8
02.02.26 14:02,02.02.26 14:04,0,185.240.92.15,100,104,1,02.02.26 14:04,R_2X7Of32mggnBEVz,,,,,51.5081,-0.1278,anonymous,EN,,,,,,,,,,,,,,,,,,,,,,,,,,,,,,,,,,,,,,,,,8,8,8,8,8,8,8,8,8,9,,,,,,,,,,,,,,,,,,,,,,,,,,,,,,,,,,,,,,,,,,,,,,,,,,,2,1,,67d80b3db0cac8b1bd982fb2,697fac9cc2ba89523b816272,6980a03c63cd9cc01cfc4b1d
02.02.26 14:02,02.02.26 14:04,0,90.248.170.243,100,105,1,02.02.26 14:04,R_27JyiATEfxOtsyd,,,,,53.6479,-1.7812,anonymous,EN,,,,,,,,,,,,,,,,,,,,,,,,,,,,,,,,,,,,,,,,,,,,,,,,,,,,,,,,,,,,,,,,,,,,,,,,,,,,,,,,,,,,,,,,,,,6,7,6,6,8,6,4,6,6,6,3,2,,57acc170c6bab4000172a42e,697fac9cc2ba89523b816272,6980a050e05179f02d3137e1
02.02.26 14:01,02.02.26 14:04,0,82.17.201.202,100,136,1,02.02.26 14:04,R_20pHxY9tX2WXGIA,,,,,51.6555,-0.3893,anonymous,EN,,,,,,,,,,,,,,,,,,,,,,,,,,,,,,,,,,,,,,,,,,,,,,,,,,,,,,,,,,,,,,,,,,,,,,,8,8,9,9,9,7,6,7,7,8,,,,,,,,,,,,,,,,,,,,,5,1,,67f7f883cb3cd4c0f5177411,697fac9cc2ba89523b816272,6980a03d4c1753055afce84a
02.02.26 14:03,02.02.26 14:04,0,62.56.51.53,100,64,1,02.02.26 14:04,R_8ay1TJfX5cUrG4v,,,,,51.4659,-0.2117,anonymous,EN,,,,,,,,,,,,,,,,,,,,,,,,,,,,,,,11,11,11,11,11,11,11,11,11,11,,,,,,,,,,,,,,,,,,,,,,,,,,,,,,,,,,,,,,,,,,,,,,,,,,,,,,,,,,,,,3,2,,5a7226d9f660ae0001a9a547,697fac9cc2ba89523b816272,6980a03905ac82fc7634a1a3
02.02.26 14:01,02.02.26 14:04,0,209.93.88.139,100,149,1,02.02.26 14:04,R_80ic0Ghp4pE8Bi1,,,,,53.9182,-1.3801,anonymous,EN,,,,,,,,,,,,,,,,,,,,,,,,,,,,,,,,,,,,,,,,,,,,,,,,,,,,,,,,,,,,,,,,,,,,,,,9,9,9,11,10,11,9,9,11,9,,,,,,,,,,,,,,,,,,,,,3,2,,5aa30542dbdb470001ef3d15,697fac9cc2ba89523b816272,6980a0392148eff1fe0a0845
02.02.26 14:02,02.02.26 14:04,0,92.40.79.35,100,106,1,02.02.26 14:04,R_2Qn8gRxPSOWmjvF,,,,,51.5943,-0.2491,anonymous,EN,,,,,,,,,,,,,,,,,,,,,,,,,,,,,,,,,,,,,,,,,,,,,,,,,,,5,7,9,7,3,2,3,3,5,2,,,,,,,,,,,,,,,,,,,,,,,,,,,,,,,,,,,,,,,,,2,2,,695ffa9493f26a6665bf69a8,697fac9cc2ba89523b816272,6980a05b874c0da94602377e
02.02.26 14:01,02.02.26 14:04,0,77.98.75.72,100,145,1,02.02.26 14:04,R_2pAVoAYRQIJmLYX,,,,,53.3333,-2.9,anonymous,EN,,,,,,,,,,,9,8,10,9,10,10,8,8,9,10,,,,,,,,,,,,,,,,,,,,,,,,,,,,,,,,,,,,,,,,,,,,,,,,,,,,,,,,,,,,,,,,,,,,,,,,,,,,,,,,,3,2,,672974d0ce1afadd5a93fa0f,697fac9cc2ba89523b816272,6980a02e7bb23d0e170727e0
02.02.26 14:02,02.02.26 14:04,0,45.134.92.171,100,108,1,02.02.26 14:04,R_1R9PnMJzz7EOK7L,,,,,37.751,-97.822,anonymous,EN,,,,,,,,,,,,,,,,,,,,,,,,,,,,,,,11,11,11,11,11,11,11,11,11,11,,,,,,,,,,,,,,,,,,,,,,,,,,,,,,,,,,,,,,,,,,,,,,,,,,,,,,,,,,,,,4,1,,67e7d7ba69a2afc3b987fd3f,697fac9cc2ba89523b816272,6980a0287e8bdcd60453aecb
02.02.26 14:02,02.02.26 14:04,0,67.87.142.46,100,119,1,02.02.26 14:04,R_1qe9rdgzbfj8YXS,,,,,40.9186,-73.8619,anonymous,EN,,,,,,,,,,,,,,,,,,,,,,,,,,,,,,,,,,,,,,,,,,,,,,,,,,,,,,,,,,,,,,,,,,,,,,,,,,,,,,,,,10,10,10,10,10,5,4,8,5,9,,,,,,,,,,,5,2,,6598526e08aa0d3c743afb4a,697fac9cc2ba89523b816272,6980a05bfab106ceb9853b87
02.02.26 14:01,02.02.26 14:04,0,81.152.109.141,100,204,1,02.02.26 14:04,R_2mJYDxrPIBgBcWT,,,,,55.6195,-4.4916,anonymous,EN,,,,,,,,,,,,,,,,,,,,,,,,,,,,,,,,,,,,,,,,,8,8,8,8,8,8,8,8,8,8,,,,,,,,,,,,,,,,,,,,,,,,,,,,,,,,,,,,,,,,,,,,,,,,,,,5,1,,596155a998cf77000106f8d8,697fac9cc2ba89523b816272,6980a01656d7129d4b119bce
02.02.26 14:03,02.02.26 14:04,0,66.176.105.42,100,71,1,02.02.26 14:04,R_7pJfV672tjnytCq,,,,,27.2913,-80.2977,anonymous,EN,,,,,,,,,,,,,,,,,,,,,,,,,,,,,,,,,,,,,,,,,7,9,8,9,11,7,7,4,6,3,,,,,,,,,,,,,,,,,,,,,,,,,,,,,,,,,,,,,,,,,,,,,,,,,,,5,1,,611b8f8d34b5aed647a248e3,697fac9cc2ba89523b816272,6980a05dcc95b504010d6aef
02.02.26 14:02,02.02.26 14:05,0,148.252.140.172,100,178,1,02.02.26 14:05,R_2FajsFD52LVtrvX,,,,,51.4964,-0.1224,anonymous,EN,,,,,,,,,,,8,9,10,8,10,4,3,7,7,8,,,,,,,,,,,,,,,,,,,,,,,,,,,,,,,,,,,,,,,,,,,,,,,,,,,,,,,,,,,,,,,,,,,,,,,,,,,,,,,,,5,1,,68022f459a6e791147ee95b1,697fac9cc2ba89523b816272,6980a0407866991ac39e8af7
02.02.26 14:01,02.02.26 14:05,0,85.255.237.172,100,190,1,02.02.26 14:05,R_8hX4hFUlCPMmdVw,,,,,51.4964,-0.1224,anonymous,EN,,,,,,,,,,,,,,,,,,,,,,,,,,,,,,,,,,,,,,,,,,,,,,,,,,,,,,,,,,,,,9,10,9,10,10,7,8,6,8,7,,,,,,,,,,,,,,,,,,,,,,,,,,,,,,,3,1,,6007421356226920359b5f3e,697fac9cc2ba89523b816272,6980a03f0a4fb8e4cb853b3c
02.02.26 14:03,02.02.26 14:05,0,109.180.220.218,100,129,1,02.02.26 14:05,R_2NtftHJCS54muNQ,,,,,52.6259,1.3032,anonymous,EN,,,,,,,,,,,,,,,,,,,,,8,10,9,11,8,6,7,6,4,2,,,,,,,,,,,,,,,,,,,,,,,,,,,,,,,,,,,,,,,,,,,,,,,,,,,,,,,,,,,,,,,,,,,,,,,6,1,,587249a2e9cb31000195ed09,697fac9cc2ba89523b816272,6980a0425ba7cacec04c2902
02.02.26 14:02,02.02.26 14:05,0,5.71.16.66,100,192,1,02.02.26 14:05,R_2iUiqIUlD1wZVa9,,,,,53.5866,-2.4354,anonymous,EN,,,,,,,,,,,,,,,,,,,,,,,,,,,,,,,,,,,,,,,,,,,,,,,,,,,,,,,,,,,,,,,,,,,,,,,,,,,,,,,,,,,,,,,,,,,11,11,11,11,11,11,11,11,11,11,4,2,,6658d02b830a00e979619fb8,697fac9cc2ba89523b816272,6980a0430a3984a08434a190
02.02.26 14:02,02.02.26 14:05,0,69.142.53.207,100,180,1,02.02.26 14:05,R_1rZYObYdYQkgx0N,,,,,39.7476,-75.3105,anonymous,EN,,,,,,,,,,,,,,,,,,,,,,,,,,,,,,,,,,,,,,,,,,,,,,,,,,,,,,,,,,,,,,,,,,,,,,,9,9,8,9,8,8,7,7,8,8,,,,,,,,,,,,,,,,,,,,,5,1,,5f7529755aaa0e1a6e804640,697fac9cc2ba89523b816272,6980a05a3e011ef1a08fc41b
02.02.26 14:04,02.02.26 14:05,0,86.29.35.209,100,60,1,02.02.26 14:05,R_8pX7cRbqlN9MfUv,,,,,55.9519,-4.748,anonymous,EN,,,,,,,,,,,,,,,,,,,,,,,,,,,,,,,,,,,,,,,,,,,,,,,,,,,,,,,,,,,,,,,,,,,,,,,,,,,,,,,,,8,8,8,9,9,7,6,5,6,5,,,,,,,,,,,6,2,,66a3e355362c7697f4d44d46,697fac9cc2ba89523b816272,6980a057c83639bd7ff83af5
02.02.26 14:05,02.02.26 14:05,0,81.152.119.234,100,34,1,02.02.26 14:05,R_8NEtWFv2q92W5ho,,,,,54.9958,-1.6897,anonymous,EN,,,,,,,,,,,,,,,,,,,,,,,,,,,,,,,,,,,,,,,,,,,,,,,,,,,,,,,,,,,,,10,10,10,10,10,10,10,10,10,10,,,,,,,,,,,,,,,,,,,,,,,,,,,,,,,4,1,,5cf5497696cde00015bc3ce7,697fac9cc2ba89523b816272,6980a04c02041ef7d71b4ce3
02.02.26 14:01,02.02.26 14:05,0,31.49.213.212,100,250,1,02.02.26 14:05,R_8RN6eVCMMmN1NDj,,,,,54.58,-5.928,anonymous,EN,,,,,,,,,,,,,,,,,,,,,,,,,,,,,,,,,,,,,,,,,,,,,,,,,,,,,,,,,,,,,9,10,9,10,8,8,7,7,8,7,,,,,,,,,,,,,,,,,,,,,,,,,,,,,,,4,1,,5eac2b38e66aa2074015989b,697fac9cc2ba89523b816272,6980a027eaa3dac5a855f9c3
02.02.26 14:01,02.02.26 14:07,0,108.6.80.106,100,344,1,02.02.26 14:07,R_3jZ37ss6YECqcM5,,,,,40.8527,-73.9383,anonymous,EN,,,,,,,,,,,,,,,,,,,,,,,,,,,,,,,,,,,,,,,,,,,,,,,,,,,,,,,,,,,,,,,,,,,,,,,,,,,,,,,,,8,9,9,9,8,7,5,6,5,3,,,,,,,,,,,4,2,,663030c6f9b697a222a881ef,697fac9cc2ba89523b816272,6980a0216dba63d40fa90582
02.02.26 14:06,02.02.26 14:07,0,86.133.188.145,100,98,1,02.02.26 14:07,R_2VlrEaCapYBx4Q8,,,,,51.6247,-0.7447,anonymous,EN,,,,,,,,,,,,,,,,,,,,,,,,,,,,,,,9,10,9,8,9,8,9,8,8,9,,,,,,,,,,,,,,,,,,,,,,,,,,,,,,,,,,,,,,,,,,,,,,,,,,,,,,,,,,,,,4,2,,5e06b4cb19232d0875f2276d,697fac9cc2ba89523b816272,6980a036282d42fec01ec06b
02.02.26 14:03,02.02.26 14:08,0,92.113.207.26,100,277,1,02.02.26 14:08,R_21MYvyUmcJO0pLe,,,,,51.5081,-0.1278,anonymous,EN,,,,,,,,,,,,,,,,,,,,,3,1,2,1,11,6,2,11,2,10,,,,,,,,,,,,,,,,,,,,,,,,,,,,,,,,,,,,,,,,,,,,,,,,,,,,,,,,,,,,,,,,,,,,,,,2,1,,67269f439696d166fbb74e09,697fac9cc2ba89523b816272,6980a0371d49f0900a1fa7fb
02.02.26 14:08,02.02.26 14:09,0,2.98.230.185,100,58,1,02.02.26 14:09,R_8V67DD5DwBCxLvr,,,,,51.9322,-0.4568,anonymous,EN,,,,,,,,,,,,,,,,,,,,,,,,,,,,,,,,,,,,,,,,,,,,,,,,,,,,,,,,,,,,,,,,,,,,,,,,,,,,,,,,,,,,,,,,,,,11,10,10,11,11,9,8,9,9,8,3,2,,6601afb05afd671b790311ae,697fac9cc2ba89523b816272,6980a056fb1e270f045c5415
02.02.26 14:08,02.02.26 14:09,0,82.132.218.202,100,53,1,02.02.26 14:09,R_2PNRKgZPkul7KYY,,,,,55.8227,-4.2927,anonymous,EN,5,5,5,5,6,5,5,5,5,6,,,,,,,,,,,,,,,,,,,,,,,,,,,,,,,,,,,,,,,,,,,,,,,,,,,,,,,,,,,,,,,,,,,,,,,,,,,,,,,,,,,,,,,,,,,6,2,,676e8422294dd6823d5f77e3,697fac9cc2ba89523b816272,6980a03c04b2d178ee55dcb9
02.02.26 14:09,02.02.26 14:10,0,188.39.63.45,100,58,1,02.02.26 14:11,R_8no8hYOLySYx6xB,,,,,52.8901,-1.4522,anonymous,EN,,,,,,,,,,,10,9,10,10,10,6,6,6,6,4,,,,,,,,,,,,,,,,,,,,,,,,,,,,,,,,,,,,,,,,,,,,,,,,,,,,,,,,,,,,,,,,,,,,,,,,,,,,,,,,,5,2,,653fed546a45118a32fe378e,697fac9cc2ba89523b816272,6980a05122a1ccfe50b5a413
02.02.26 14:12,02.02.26 14:13,0,193.237.238.76,100,74,1,02.02.26 14:13,R_80xzRr3mFWQGelT,,,,,52.4145,-1.7841,anonymous,EN,,,,,,,,,,,,,,,,,,,,,,,,,,,,,,,9,9,8,9,9,8,7,7,7,7,,,,,,,,,,,,,,,,,,,,,,,,,,,,,,,,,,,,,,,,,,,,,,,,,,,,,,,,,,,,,3,2,,6978e620dcbd6b941c846baf,697fac9cc2ba89523b816272,6980a2a41731721f20c6a719
02.02.26 14:13,02.02.26 14:14,0,194.152.132.40,100,87,1,02.02.26 14:14,R_2uyyVRjBVueBjk5,,,,,51.5164,-0.093,anonymous,EN,,,,,,,,,,,,,,,,,,,,,,,,,,,,,,,,,,,,,,,,,,,,,,,,,,,,,,,,,,,,,,,,,,,,,,,,,,,,,,,,,9,10,10,11,10,9,7,10,10,7,,,,,,,,,,,5,2,,67ee50bbaa206db46d5e94c2,697fac9cc2ba89523b816272,6980a2e124fef72ff6464b93
02.02.26 14:08,02.02.26 14:14,0,86.16.38.152,100,407,1,02.02.26 14:14,R_2PhtoVpMmkR679s,,,,,52.999,-2.1871,anonymous,EN,,,,,,,,,,,9,9,9,9,9,4,4,4,4,4,,,,,,,,,,,,,,,,,,,,,,,,,,,,,,,,,,,,,,,,,,,,,,,,,,,,,,,,,,,,,,,,,,,,,,,,,,,,,,,,,4,2,,673f5d08c5276465183f2e87,697fac9cc2ba89523b816272,6980a0433b36a67ae121ed23